word,freq,suggestion1,suggestion2,suggestion3
colorful,49,colourful,,
collectibles,48,collectible,,
sooo,44,so,,
isnt,42,isn't,,
awsome,42,awesome,,
oooo,34,ooo,,
shouldn,33,shouldn't,,
didnt,31,didn't,,
gud,30,good,,
hasn,29,hasn't,,
favorites,24,favorite,,
weren,24,weren't,,
realy,23,really,,
customizable,21,customisable,,
ahit,20,a hit,,
atleast,19,at least,,
hadn,19,hadn't,,
goty,18,gory,,
nyakuza,18,yakuza,,
reccommend,17,recommend,,
everone,17,everyone,,
youre,15,you're,,
timepieces,15,timepiece,,
beserk,15,berserk,,
wierd,13,weird,,
recomended,13,recommended,,
diffrent,12,different,,
untill,11,until,,
definitly,11,definitely,,
definatly,11,definitely,,
enemys,11,enemy,,
absolutly,11,absolutely,,
extremly,11,extremely,,
hattington,11,hartington,,
freinds,10,friends,,
plz,10,please,,
roleplaying,10,role-playing,,
leveling,10,levelling,,
difficulity,10,difficulty,,
leaderboards,10,leaderboard,,
requirments,10,requirements,,
fugly,10,ugly,,
begining,9,beginning,,
challange,9,challenge,,
fueled,9,fuelled,,
sweatpea,9,sweetpea,,
somthing,8,something,,
controlls,8,controls,,
ripoff,8,rip-off,,
amigos,8,amigo,,
wouldnt,8,wouldn't,,
definetely,8,definitely,,
gorey,8,gory,,
havest,8,harvest,,
everthing,7,everything,,
amzing,7,amazing,,
downsides,7,downside,,
adictive,7,addictive,,
freakin,7,freaking,,
evar,7,ever,,
becouse,7,because,,
cgs,7,cg,,
inbetween,6,in between,,
gaem,6,game,gael,
ontop,6,on top,,
arent,6,aren't,,
aswel,6,as well,,
completly,6,completely,,
repetetive,6,repetitive,,
someones,6,someone,,
youll,6,you'll,,
intresting,6,interesting,,
expirience,6,experience,,
hillarious,6,hilarious,,
mehh,6,meh,,
narator,6,narrator,,
potatos,5,potato,,
masterpeice,5,masterpiece,,
fortess,5,fortress,,
disapointed,5,disappointed,,
gam,5,game,,
sence,5,since,,
possibilites,5,possibilities,,
havnt,5,haven't,,
wonderfull,5,wonderful,,
everyones,5,everyone,,
definitley,5,definitely,,
immediatly,5,immediately,,
dieing,5,dying,,
gamplay,5,gameplay,,
dialouge,5,dialogue,,
intrested,5,interested,,
sountrack,5,soundtrack,,
phenominal,5,phenomenal,,
charecters,5,characters,,
comunity,5,community,,
boii,5,boi,,
aquired,5,acquired,,
recieved,5,received,,
similiar,5,similar,,
jogar,5,gogar,,
experiance,5,experience,,
glitchy,5,glitch,,
berzerk,5,berserk,,
blackhat,5,blackham,,
monik,5,monika,,
dificulty,4,difficulty,,
alll,4,all,,
recommened,4,recommended,,
avatar,4,avtar,,
adress,4,address,,
ofcourse,4,of course,,
wepons,4,weapons,,
totaly,4,totally,,
becuase,4,because,,
consistantly,4,consistently,,
randoms,4,random,,
challanging,4,challenging,,
playin,4,playing,,
nooo,4,no,,
achivements,4,achievements,,
oppinion,4,opinion,,
diferent,4,different,,
powerups,4,power-ups,,
belive,4,believe,,
overal,4,overall,,
pleasent,4,pleasant,,
ammount,4,amount,,
absolutley,4,absolutely,,
stil,4,still,,
excelent,4,excellent,,
lovley,4,lovely,,
diffucult,4,difficult,,
lackluster,4,lacklustre,,
favors,4,favours,,
commited,4,committed,,
pixle,4,pixel,,
assult,4,assault,,
maxed,4,maxey,waxed,axed
neverending,4,never-ending,,
stampers,4,stamper,,
racoon,4,raccoon,,
tooie,4,tobie,troie,
lemme,4,let me,,
steampowered,4,steam-powered,,
afterall,4,after all,,
expereince,4,experience,,
shes,4,she's,,
abit,4,a bit,,
customizing,4,customising,,
alpacas,4,alpaca,,
desperatly,4,desperately,,
unconcious,4,unconscious,,
occassionally,4,occasionally,,
bionics,4,bionic,,
iguanna,4,iguana,,
onika,4,monika,,
definatley,3,definitely,,
noice,3,nice,,
flavors,3,flavor,,
allways,3,always,,
bunnys,3,bunny,,
usefull,3,useful,usefully,
freind,3,friend,,
noticably,3,noticeably,,
possiblities,3,possibilities,,
sequal,3,sequel,,
refered,3,referred,,
intrest,3,interest,,
timeline,3,tideline,time-line,
lyf,3,lye,lpf,lvf
throughs,3,troughs,through,
posibilities,3,possibilities,,
nyan,3,yan,ryan,cyan
chrono,3,chronos,,
bioms,3,biome,,
beautifull,3,beautiful,beautifully,
usualy,3,usually,usual,
bueno,3,buen,buena,beuno
topdown,3,top-down,,
difficultly,3,difficulty,,
religous,3,religious,,
tought,3,thought,fought,sought
devlopers,3,developers,,
atmoshpere,3,atmosphere,,
fantasic,3,fantastic,fantasia,
diarrhea,3,diarrhoea,,
immensly,3,immensely,,
recieve,3,receive,relieve,
horas,3,horns,horus,horan
higly,3,hilly,highly,
sweg,3,sieg,seg,weg
abilites,3,abilities,,
havn,3,han,hawn,haan
hra,3,hrt,hwa,hrs
woah,3,woan,noah,woh
harkens,3,darkens,hardens,harkes
godd,3,todd,god,gadd
boner,3,boler,boer,boney
devolver,3,revolver,devolve,devolves
spoilery,3,spoiler,spoilers,
seemlessly,3,seamlessly,,
polecam,3,polecat,,
uhh,3,ahh,ugh,uh
rofl,3,rofe,roel,roll
hostiles,3,hostile,,
mesmerizing,3,mesmerising,,
managable,3,manageable,,
dollers,3,dollars,hollers,rollers
furries,3,ferries,furriers,flurries
achievments,3,achievements,,
soundrack,3,soundtrack,,
moar,3,omar,oar,moor
funner,3,fenner,funnel,funder
stroy,3,stoy,troy,story
insta,3,inst,instar,instal
surving,3,surging,curving,serving
nem,3,nec,nep,unem
personaly,3,personal,personalty,personally
ainda,3,dinda,linda,kinda
liek,3,lies,link,lie
survial,3,survival,,
nacho,3,nacro,nachos,tacho
absoultely,3,absolutely,,
acutally,3,actually,,
fyi,3,fi,fei,fyn
grueling,3,gruelling,,
mesmo,3,memo,meso,
mindblowing,3,mind-blowing,,
cil,3,cim,cib,crl
ruh,3,uh,roh,ru
misc,3,mics,mic,mist
okie,3,oke,opie,kie
remeber,3,remember,,
melhor,3,melkor,mellor,
goofing,3,gooding,golfing,roofing
awww,3,aww,,
flairs,3,flair,flails,fairs
emotes,3,motes,,
gfb,3,gff,gob,gmb
gifting,3,rifting,sifting,lifting
screenshoot,3,screenshot,,
beatiful,3,beautiful,,
dumpster,3,dempster,,
gex,3,ged,rex,gee
cuties,3,cities,duties,curies
alway,3,amway,away,galway
sangat,3,sanga,,
asthetic,3,aesthetic,,
dialogs,3,dialog,,
breakfest,3,breakfast,,
writting,3,gritting,writhing,writing
normaly,3,normal,normalcy,normally
fiber,3,fibers,,
comming,3,coming,,
tudo,3,tudor,eudo,udo
tabela,3,tabla,tabel,
muita,3,mita,muite,muota
unconsious,3,unconscious,,
storys,3,stories,,
leveled,3,levelled,,
lmg,3,leg,img,lng
braindead,3,brain-dead,,
paralyzed,3,paralysed,,
tundras,3,tundra.,tundra,
cryo,3,cry,,
ehh,3,ahh,eeh,ehs
xml,3,xgl,xl,aml
defendable,3,dependable,,
defenseless,3,defenceless,,
cutsie,3,cutie,,
cyborgs,3,cyborg,,
jannet,3,janet,gannet,janner
quoran,3,quorn,qumran,
yorky,3,yorks,gorky,porky
acess,3,amess,access,cess
zerg,3,erg,zeri,zeng
killbox,3,pillbox,,
actuall,3,actually,actual,actuals
docu,3,ocu,docs,dock
developement,3,development,,
anath,3,nath,ana-h,anth
beacuse,3,because,,
aud,3,aug,aux,audi
teared,3,teased,seared,eared
creeped,3,creeper,,
tiberium,3,tiberius,,
merlen,3,meulen,merlyn,merlin
somone,3,someone,,
kleiner,3,klepner,kleiber,kleine
uhhh,3,ahhh,uhuh,shhh
gba,3,nba,gpa,gda
neet,3,nee,peet,need
tiddies,3,biddies,teddies,kiddies
goosebumps,3,goose-bumps,,
schooler,3,schooled,schooner,
animes,3,nimes,animus,
oni,3,ini,osi,one
katawa,3,kawawa,katana,kanawa
counselor,3,counsellor,,
questo,3,quests,questor,quest
goood,2,good,goold,
ths,2,the,ehs,ghs
personallity,2,personality,,
dialoge,2,dialog,dialogue,
terraia,2,terraria,,
thingys,2,things,thingy,
mellee,2,melee,tellee,mallee
gaym,2,gay,gays,gym
dood,2,daod,food,doon
evah,2,evan,eva,
humurous,2,humorous,humourous,
allready,2,already,,
thinked,2,thinker,thinned,thanked
contantly,2,constantly,,
donut,2,don't,dont,donat
competative,2,competitive,,
sugest,2,surest,suggest,
tener,2,tenor,tenet,tiner
mejor,2,major,,
modable,2,movable,,
boomerangs,2,boomerang,,
roommates,2,roommate,room-mates,
bougth,2,bough,bought,
aqui,2,qui,aqua,aui
compra,2,campra,copra,
essa,2,issa,elsa,ssa
booom,2,boom,broom,bosom
wonderous,2,ponderous,wondrous,
wayy,2,wavy,wary,ways
definantly,2,defiantly,,
enviroments,2,environments,enviroment,
whith,2,white,with,whit
azz,2,izz,jazz,azt
wana,2,wank,kana,wano
roblox,2,rollox,,
flys,2,frys,fly,lys
regreted,2,regretted,,
itens,2,tens,items,irens
lyfe,2,lye,lyte,lyle
tambi,2,bambi,tambo,
aight,2,aright,wight,eight
mfw,2,mhw,mw,mfs
shibes,2,shies,shines,shires
oportunity,2,opportunity,,
thoese,2,these,those,
homages,2,homage,,
reenact,2,re-enact,,
addicitive,2,addictive,,
woth,2,noth,oth,with
strenghts,2,strengths,,
todos,2,topos,dodos,todor
gli,2,ghi,goi,glia
vamos,2,amos,ramos,samos
aslo,2,allo,oslo,also
briliant,2,brilliant,,
beautifuly,2,beautiful,beautifully,
athiest,2,atheist,,
skillfully,2,skilfully,,
spooki,2,spook,spooky,spooks
statisfying,2,satisfying,,
poops,2,props,loops,pomps
rly,2,ry,ruy,rely
diffecult,2,difficult,,
incredably,2,incredibly,,
frustraiting,2,frustrating,,
porque,2,torque,parque,
challeging,2,challenging,,
definietly,2,definitely,,
dugeons,2,dungeons,,
nontheless,2,nonetheless,,
creater,2,greater,create,creamer
darth,2,dart,darts,darty
origional,2,original,,
easilly,2,easily,,
nto,2,to,into,nt
bretty,2,retty,betty,brett
itll,2,itel,ill,till
fulfills,2,fulfils,fulfill,
victorius,2,victories,victorious,
becasue,2,because,,
extemely,2,extremely,,
knifes,2,knife,knifed,knives
shanked,2,spanked,shacked,thanked
meld,2,mild,veld,mela
reveled,2,revered,reveley,reviled
eventhough,2,even though,,
homocidal,2,homicidal,,
beleive,2,believe,beleives,
rrrr,2,brrrr,grrr,rrrm
achievment,2,achievement,,
nerf,2,cerf,nerc,norf
drizzled,2,drizzle,grizzled,
actualy,2,actually,actuary,actual
sondtrack,2,soundtrack,,
tch,2,tcs,twh,tcr
constanly,2,constancy,constantly,
againts,2,against,,
flippin,2,flipping,flippin',
litterally,2,literally,,
lmao,2,mao,lao,
fealing,2,sealing,ealing,healing
arcadey,2,arcaded,arcady,arcades
thoes,2,toes,thos,theos
gewd,2,gawd,lewd,gerd
dispite,2,dispute,despite,
hight,2,wight,eight,high
ftw,2,ftc,fuw,tw
mafias,2,mafia,,
lich,2,luch,lych,lch
mcclane,2,maclane,,
turnt,2,turn,burnt,turns
katan,2,kahan,katana,kagan
inde,2,hinde,indo,ine
refn,2,ren,rein,renn
yass,2,yasa,yams,yas
highy,2,highs,highly,high-
phenomonal,2,pheromonal,phenomenal,
retries,2,retires,,
funz,2,fun,kunz,funk
rign,2,rigg,reign,rig
excecuted,2,executed,,
grylls,2,grills,,
indi,2,ini,hindi,indo
aggitate,2,agitate,,
alredy,2,already,,
cmon,2,amon,con,omon
rewared,2,reward,reared,rewired
recommand,2,recommend,,
cus,2,hus,bus,sus
bads,2,bass,lads,wads
zaje,2,zane,,
chalenging,2,challenging,,
xoxo,2,oxo,,
rekt,2,rest,ret,rent
hax,2,hoax,sax,ha7
ficos,2,nicos,ficus,
starv,2,star,starr,start
becaue,2,became,because,becau
noval,2,nodal,novak,oval
screecher,2,screeches,screeched,
preety,2,pretty,,
repetative,2,repetitive,,
livin,2,lievin,liven,livid
fkin,2,skin,fin,kin
standart,2,standard,,
altrough,2,although,,
surival,2,survival,,
fud,2,feud,fun,mud
taim,2,taib,taif,tain
burried,2,buried,hurried,curried
immidiately,2,immediately,,
handly,2,handle,handley,hardly
pov,2,dov,pou,pom
enought,2,enough,nought,
differnt,2,different,,
poket,2,poked,poker,poet
damnit,2,dammit,,
straving,2,striving,strafing,staving
suvive,2,survive,,
gae,2,gaz,gav,mae
sates,2,fates,rates,sated
asome,2,some,,
irrelevent,2,irrelevant,,
merms,2,herms,germs,terms
oyun,2,yun,,
html,2,tml,,
continuted,2,continued,,
finnicky,2,finicky,,
friggin,2,frigging,friggin',
meanies,2,meanie,,
interactable,2,intractable,,
reloads,2,reload,,
kiting,2,kitting,citing,siting
equiping,2,equipping,,
favs,2,fats,fags,faves
eatting,2,matting,eating,batting
surivival,2,survival,,
pyromanic,2,pyromaniac,,
crockpot,2,crackpot,,
aweosme,2,awesome,,
backround,2,background,,
edibles,2,edible,,
depletes,2,deletes,depleted,deplete
url,2,usl,crl,erl
importante,2,important,importance,
sua,2,saa,ua,sus
personagens,2,personages,,
cada,2,cara,nada,cade
ahaha,2,ah-ha,,
ressources,2,resources,,
developper,2,developer,,
plesant,2,pleasant,,
derp,2,deri,serp,dere
poweref,2,powered,,
hltb,2,ltb,,
artsy,2,arts,arty,
bowser,2,dowser,bowyer,bowler
theather,2,theater,heather,
beutiful,2,beautiful,,
myau,2,mya,mau,yau
yeet,2,yet,peet,beet
rah,2,rath,ran,roh
blrr,2,blur,blr,barr
buckaw,2,buckau,,
boh,2,bog,roh,boz
exeptionally,2,exceptionally,,
customizations,2,customization,,
beated,2,heated,beaded,bated
funn,2,funny,fenn,lunn
neato,2,neto,neath,seato
rediculously,2,ridiculously,,
sife,2,sift,sine,size
backstabbing,2,back-stabbing,,
bgm,2,bdm,igm,bg
omfg,2,omg,omf,
diee,2,dies,diem,dike
nyaa,2,noaa,naa,nyala
kitties,2,ditties,titties,
especailly,2,especially,,
ficar,2,vicar,,
arnt,2,arne,arns,art
kool,2,fool,cool,koos
arond,2,frond,aron,around
pased,2,pasted,paved,cased
cinematics,2,cinematic,kinematics,
tophat,2,topham,,
pegi,2,ptgi,pei,pegs
carefull,2,careful,carefully,
laught,2,caught,laughs,aught
lbp,2,lb,lep,lop
desing,2,dering,dosing,deming
playtonic,2,platonic,,
traumatize,2,traumatized,,
dunkan,2,dunan,duncan,durkan
reveiws,2,reviews,,
adorably,2,adorable,,
shadman,2,sharman,shaman,
bloat,2,blott,boat,blot
uber,2,umber,user,tuber
swingy,2,swiney,stingy,swings
hoh,2,roh,goh,h-h
layle,2,sayle,bayle,laye
luster,2,cluster,ouster,juster
tfw,2,tww,tow,tfi
barebones,2,barebone,,
heyy,2,hely,hedy,heys
argubly,2,arguably,,
curiousity,2,curiosity,,
shaders,2,shavers,sharers,shapers
tightropes,2,tightrope,,
somber,2,sommer,comber,sombre
janky,2,janey,lanky,junky
challanges,2,challenges,,
pend,2,pond,tend,send
merch,2,merci,mercy,march
tipe,2,stipe,tide,wipe
saat,2,sant,saa,saaf
bisa,2,bosa,pisa,bsa
dengan,2,denman,dentan,deegan
anak,2,anal,anap,ana
cerita,2,carita,,
hanya,2,anya,hansa,tanya
cocok,2,cocom,cock,cocoa
mereka,2,merdeka,,
callback,2,fallback,,
cringy,2,clingy,cringe,
kindof,2,kind of,,
maxes,2,mayes,mares,mates
frist,2,first,trist,feist
noticable,2,noticeable,,
equiped,2,equipped,,
beacause,2,because,,
experince,2,experience,,
setpieces,2,set-pieces,,
mustached,2,moustached,mustache,
jafari,2,safari,tafari,
protecc,2,protect,,
mooks,2,rooks,moors,moods
tabbing,2,dabbing,jabbing,stabbing
delibirate,2,deliberate,,
garns,2,warns,grans,arns
descirbe,2,describe,,
delievering,2,delivering,,
ttyd,2,ttd,,
mentionning,2,mentioning,,
xbone,2,bone,,
masterpice,2,masterpiece,,
cdn,2,cde,cds,can
controler,2,controller,,
aaaa,2,adaa,aaaah,aaas
thot,2,hot,thor,tho
groundbreaking,2,ground-breaking,,
firefights,2,firefight,,
exellent,2,excellent,,
onfire,2,bonfire,,
plaing,2,plaint,plaine,planing
imagina,2,imagine,imaging,
asma,2,asmar,asia,amma
apenas,2,arenas,,
animais,2,animals,,
tinha,2,tina,sinha,
encounted,2,uncounted,encounter,
bloodloss,2,bloodless,,
scifi,2,sci-fi,,
surviver,2,survive,survives,survived
buffalos,2,buffalo,buffaloes,
adante,2,andante,dante,
hauler,2,hauled,hailer,haulier
skilling,2,spilling,shilling,swilling
smoldering,2,smouldering,soldering,
senaca,2,seneca,,
intial,2,intimal,initial,
lumine,2,lamine,lumina,
occassional,2,occasional,,
sheit,2,sheil,shit,sheet
prioritized,2,prioritised,prioritize,
solitare,2,solitaire,solitary,
delt,2,debt,delo,deft
curations,2,durations,,
rando,2,rand,randi,dando
aparently,2,apparently,,
happend,2,happened,happen,happen.
inadvertantly,2,inadvertently,,
variaty,2,variety,variate,
veteren,2,veteran,,
becase,2,became,because,
randomise,2,randomize,randomised,
scummed,2,summed,,
casandra,2,cassandra,,
accross,2,across,,
ocasionally,2,occasionally,,
psycic,2,psychic,,
capybura,2,capybara,,
stavation,2,starvation,,
aformentioned,2,aforementioned,,
acces,2,acres,aches,accs
boons,2,bons,loons,booms
tunneled,2,tunnelled,,
lauch,2,auch,luch,larch
surprizing,2,surprising,,
knawing,2,knowing,gnawing,
regulary,2,regular,regulars,regularly
droped,2,dropped,doped,roped
raccoons,2,raccoon,,
frenchy,2,french,frenchay,
faq,2,fa,far,fab
thoughout,2,throughout,,
commisar,2,commissar,,
plauge,2,plague,plange,plage
boomas,2,booms,,
expecially,2,especially,,
rynn,2,prynn,renn,fynn
procedes,2,precedes,proceeds,
trully,2,tully,truely,trulli
overloads,2,overload,overlords,
arguement,2,argument,,
mechs,2,meths,techs,
rexiss,2,reiss,remiss,
tiir,2,thir,tier,tuir
birthed,2,berthed,,
accessability,2,accessibility,,
pyromaniacs,2,pyromaniac,,
worshiped,2,worshipped,,
handfull,2,handful,handfuls,
decon,2,denon,decin,dehon
mechnoids,2,mechonoids,,
allright,2,alright,albright,all right
molotovs,2,molotov,,
honorable,2,honourable,,
hopfully,2,hopefully,,
negitive,2,negative,,
posion,2,psion,poison,potion
turtoise,2,tortoise,,
confort,2,contort,conform,comfort
prisioners,2,prisoners,,
genere,2,genre,genera,
randomizes,2,randomized,randomize,
settup,2,set-up,setup,
rabbid,2,rabbi,rabbit,rabbis
carnt,2,carn,carnot,cart
generes,2,generis,genres,
modability,2,motability,,
proces,2,process,prices,proves
gtfo,2,gtf,,
moding,2,moping,mowing,coding
sufficiant,2,sufficient,,
neko,2,neto,nedo,nemo
ghz,2,hz,gaz,ghs
wolfs,2,wolff,wolf,wolds
layed,2,payed,laye,played
mmo,2,smo,mao,imo
modder,2,fodder,madder,mudder
easely,2,easel,easels,easily
sjw,2,saw,sj,sw
lgbt,2,lgb,,
snuggles,2,snuggled,snuggle,
emminent,2,eminent,imminent,
tanyas,2,tanya,,
festers,2,fetters,esters,testers
noobs,2,nooks,nobbs,boobs
disfunction,2,disjunction,dysfunction,
offputting,2,off-putting,,
ferians,2,fenians,,
prefered,2,preferred,,
lumi,2,lump,lumb,luci
asf,2,saf,ask,asw
css,2,mss,dss,oss
infiinite,2,infinite,,
sorce,2,source,sore,sorge
goots,2,goods,goats,hoots
differents,2,different,,
mossman,2,rossman,,
gameplays,2,gameplay,,
mult,2,multi,cult,moult
tdm,2,bdm,tom,tam
kkkk,2,kkk,,
modles,2,moules,models,modes
gorden,2,gosden,corden,horden
imma,2,immac,amma,emma
bday,2,blay,bray,day
bestie,2,bestir,bessie,beastie
everyway,2,everyday,,
kerbal,2,kernal,verbal,herbal
bishes,2,dishes,wishes,fishes
marrige,2,marriage,,
lmb,2,lb,jmb,mb
frusterating,2,frustrating,,
prity,2,purity,pity,privy
sdv,2,stv,sd1,sdf
hotties,2,potties,rotties,
plowing,2,lowing,glowing,slowing
husbando,2,husbands,husband,
oneshot,2,one-shot,,
monikas,2,monika,,
bruh,2,bruv,brut,brah
cutesty,2,cutesy,cutest,
dokie,2,doke,dobie,dowie
haah,2,hah,haan,haas
someting,2,something,,
psss,2,puss,piss,pscs
hxppy,2,happy,hoppy,hippy
sayo,2,sanyo,sato,says
beste,2,este,feste,bested
novela,2,novena,novell,novel
vanom,2,venom,,
satchely,2,satchell,satchel,satchels
txt,2,tnt,ttx,ttt
tutto,2,tutte,tutti,
colonna,2,colonia,,
sonora,2,sonoma,sonoran,senora
uova,2,ova,nova,uva
dosen,2,dose,rosen,doyen
laifu,2,kaifu,,
ageha,2,agha,,
fpses,1,apses,fuses,
consoul,1,consul,,
fansatic,1,fanatic,,
gerat,1,gera,gert,great
funs,1,fins,fun,funk
kindoms,1,kingdoms,,
comfusing,1,confusing,,
thay,1,thai,than,thae
custimization,1,customization,,
swagging,1,swigging,sagging,slagging
befor,1,before,,
spoderman,1,spiderman,,
weard,1,yeard,wears,ward
waesome,1,awesome,,
problom,1,problem,,
terria,1,terri,terrie,terris
screem,1,screen,screed,scream
abot,1,jabot,cbot,abort
timeconsuming,1,time-consuming,,
initally,1,initially,,
hoik,1,hook,hoi,honk
obviosuly,1,obviously,,
sucha,1,such,mucha,sacha
recenly,1,recency,recently,
constrantly,1,constantly,,
charater,1,character,charter,
uniqe,1,unite,unique,
chllenging,1,challenging,,
friens,1,friends,fries,friend
enitre,1,entre,entire,
stynger,1,stanger,stinger,
infinate,1,infinite,,
thoight,1,thought,,
dount,1,daunt,dont,doubt
injoyable,1,enjoyable,,
scentence,1,sentence,,
projecticle,1,projectile,,
jion,1,aion,tion,dion
pssst,1,psst,,
buddys,1,buddy,,
ipod,1,pod,ipos,iod
ckeck,1,check,,
relized,1,realized,relied,relived
adiction,1,addiction,diction,
monstes,1,montes,monster,monsters
buildin,1,buildin',building,
shoping,1,shoring,shaping,hoping
fooken,1,fookes,,
nutcases,1,nutcase,,
lthough,1,although,though,
hade,1,hyde,cade,hake
foon,1,foo,fono,noon
offereing,1,offering,,
essensially,1,essentially,,
suiside,1,suicide,subside,
jrpg,1,rpg,,
maby,1,many,moby,mab
birng,1,bring,bing,
tinkerer,1,tinkered,,
devestating,1,devastating,,
leasure,1,leisure,measure,pleasure
alomost,1,almost,,
creaters,1,cheaters,craters,creators
alows,1,flows,alois,slows
compered,1,competed,compared,compere
reminesce,1,reminisce,,
ahave,1,have,shave,
baught,1,caught,aught,naught
terrair,1,terrain,,
esey,1,eley,elsey,vesey
literaly,1,literacy,literary,literal
perf,1,cerf,perm,per
unbrellas,1,umbrellas,,
ocotpus,1,octopus,,
shud,1,shu,thud,shur
bcuz,1,bcu,,
accidntally,1,accidentally,,
recommandable,1,recommendable,,
hourse,1,course,nourse,house
cker,1,caer,acker,ocker
beakon,1,beckon,beaton,beacon
inmense,1,incense,intense,immense
expirienced,1,experienced,,
openess,1,oneness,openness,openers
swaggy,1,saggy,shaggy,
auroa,1,aurora,aurea,aura
kittys,1,kitty,kitts,
legos,1,leos,lemos,egos
wudnt,1,wundt,,
adildo,1,dildo,,
trop,1,trod,crop,tron
infactuated,1,infatuated,,
tmod,1,trod,tod,mod
gamee,1,gamey,game,games
newb,1,news,newi,newt
simularitys,1,simularity,,
labled,1,ladled,fabled,labeled
ender,1,pender,ended,lender
shurikens,1,shuriken,,
alls,1,halls,palls,all-
stratigies,1,strategies,,
isss,1,issas,issa,isas
ripoffs,1,rip-offs,,
antes,1,andes,altes,mantes
estudios,1,studios,,
ahora,1,ahura,hora,thora
tengo,1,tango,teng,
tungston,1,tungsten,,
advenced,1,advanced,,
visable,1,visible,viable,disable
efects,1,elects,defects,effects
yoyos,1,boyos,,
effin,1,effing,elfin,effie
wiling,1,ailing,willing,filing
gratest,1,greatest,grates,gravest
houndreds,1,hundreds,,
sensacional,1,sensational,,
bosta,1,bosa,hosta,costa
critisizes,1,criticizes,,
accquire,1,acquire,,
gmae,1,mae,dmae,game
absoloute,1,absolute,,
dowm,1,dom,doom,down
acard,1,card,award,
doods,1,dods,goods,dowds
fantistic,1,fantastic,,
mulitple,1,multiple,,
samll,1,small,,
currentky,1,currently,,
msuic,1,music,,
veriety,1,verity,variety,
gwa,1,nwa,hwa,gpa
uir,1,bir,vir,sir
fantasical,1,fantastical,,
somewone,1,some one,someone,some-one
wud,1,dud,wd,wad
molded,1,folded,moulded,melded
boses,1,bases,poses,botes
itums,1,tums,items,
thare,1,thae,thre,hare
dicded,1,diced,,
ayy,1,pyy,amy,aby
lamo,1,lama,hamo,lamy
inhabbitants,1,inhabitants,,
skeletron,1,skeleton,,
charakter,1,character,,
absoluteley,1,absolutely,,
insanly,1,insanely,,
woluld,1,would,,
dawhg,1,dawg,,
suceed,1,succeed,sucked,
ssss,1,sssh,sssi,ssrs
wrecekd,1,wrecked,,
veiw,1,view,vein,vliw
weeine,1,weeing,weenie,
hasnt,1,haunt,wasnt,hast
plent,1,pleat,plant,plenty
pumkin,1,pumpkin,,
beleve,1,believe,,
itas,1,ita,ptas,isas
eventes,1,eventer,eventers,events
culd,1,auld,cull,cult
esana,1,sana,espana,elana
mencak,1,mencap,,
aku,1,auk,abu,aka
galak,1,balak,galas,gala
tugas,1,tugs,togas,
kau,1,oau,eau,kan
peler,1,peyer,pedler,peeler
wepon,1,weapon,,
haqcker,1,hacker,,
woud,1,wold,wou,wood
cicle,1,icicle,cycle,circle
minimap,1,minimax,minima,minimal
problemo,1,problems,problem,
tbag,1,tag,bag,
ememy,1,emmy,enemy,emery
unbalenced,1,unbalanced,,
merfolk,1,menfolk,,
desirves,1,deserves,desires,
desirve,1,desiree,desire,deserve
grammer,1,crammer,grammes,grammar
maigc,1,paigc,magic,
singe,1,since,siege,sine
briming,1,brimming,priming,bribing
goerge,1,george,gorge,
serba,1,serbia,sera,serva
bossiess,1,bossiness,,
copeys,1,copleys,copes,
powerup,1,power-up,,
qlo,1,qpo,blo,lo
gueno,1,guano,geno,
tenia,1,xenia,tonia,tania
rgs,1,egs,ris,rgu
athiests,1,atheists,,
rrupt,1,erupt,,
tacticle,1,tactile,,
freat,1,freak,fret,treat
babool,1,baboon,,
leuk,1,lesk,leek,leck
explainations,1,explanations,,
flappy,1,floppy,,
insanse,1,insane,,
pratically,1,practically,,
stylings,1,styling,,
judeo,1,jude,judea,judo
toothpicks,1,toothpick,,
withing,1,within',within,wishing
reliever,1,believer,relieved,relieve
secerts,1,secrets,,
fionas,1,fiona,,
tiempos,1,tiempo,tempos,
rougue,1,rouge,rogue,
horizen,1,horizon,,
qwz,1,qw,,
hpq,1,h.q,hpo,hpv
zic,1,nic,hic,zig
mgc,1,ggc,nmgc,lgc
vnz,1,tvnz,anz,vaz
zwx,1,zx,,
gzg,1,gcg,gig,gag
lcyb,1,lcy,,
pzg,1,ppg,pug,pdg
zxj,1,zx,zxs,xj
dcb,1,pcb,cb,dnb
ugdg,1,udg,,
alltogether,1,altogether,,
dosis,1,doss,doris,doses
vicio,1,vico,vici,
tienes,1,tignes,tines,
evaa,1,evan,eaa,eva
extrememly,1,extremely,,
proceduraly,1,procedurally,procedural,procedurals
fecies,1,facies,,
inhances,1,enhances,,
wotl,1,woil,woul,wool
vey,1,vet,sey,ey
evrything,1,everything,,
glithces,1,glitches,,
describtions,1,descriptions,,
isaace,1,isaacs,isaac,
ceratinly,1,certainly,,
aproves,1,proves,approves,
mucho,1,macho,mucha,much
dehydrate,1,dehydrated,rehydrate,
usally,1,usually,sally,
babis,1,babes,babies,babic
ramdom,1,random,,
charch,1,church,,
nerk,1,berk,jerk,nerc
pacman,1,paceman,paxman,packman
spolier,1,spoiler,,
pinata,1,pinta,,
stava,1,slava,sava,stave
lauhing,1,lauding,laughing,lashing
irresistable,1,irresistible,,
bii,1,bir,bui,vii
effectivly,1,effectively,,
thous,1,thoms,hous,thou
lagi,1,laki,agi,lags
recommeded,1,recommended,,
maggy,1,mangy,moggy,taggy
barfs,1,barbs,barts,bares
injoys,1,enjoys,,
randomises,1,randomised,,
wierdly,1,weirdly,,
unock,1,unlock,nock,knock
uuuh,1,uuuc,uhuh,
fopr,1,fops,fop,fpr
manys,1,many,marys,mancs
ame,1,amen,came,ome
crule,1,crude,rule,curle
worf,1,wore,woof,worn
definant,1,defiant,,
uuh,1,ugh,uh,uph
himsel,1,himself,,
krampus,1,grampus,,
wierdest,1,weirdest,,
allures,1,alludes,allure,
convieniently,1,conveniently,,
ablility,1,ability,,
moderatley,1,moderately,,
prespective,1,perspective,prospective,respective
shet,1,shek,het,shep
plentitude,1,plenitude,,
gustan,1,gustav,,
debes,1,demes,denes,dees
podras,1,porras,,
principio,1,principia,,
facil,1,facial,facia,facile
creeme,1,creese,creme,
tosi,1,topi,todi,tosti
hauska,1,hausa,,
peli,1,eli,pei,pelt
shoop,1,shoo,hoop,shook
copple,1,popple,couple,topple
uprades,1,upgrades,,
chacters,1,chapters,chatters,charters
laggs,1,lagos,baggs,largs
beter,1,beer,deter,meter
merita,1,merit,morita,marita
tfs,1,tds,nfs,tps
dungen,1,dungeon,,
imagry,1,imagery,,
thsi,1,thai,this,tusi
theb,1,taheb,theo,the
kness,1,okness,kress,knees
unrivaled,1,unrivalled,,
tonka,1,wonka,tonks,tonia
forword,1,foreword,forward,
achievemnt,1,achievement,,
wrun,1,wru,hrun,arun
abolutely,1,absolutely,,
gmaeplay,1,gameplay,,
mila,1,milan,mils,lila
anyones,1,anyone,,
acend,1,amend,ascend,
suggesed,1,suggested,,
peacful,1,peaceful,,
ques,1,tues,hues,quex
cuttin,1,cutting,curtin,
actally,1,actually,,
shure,1,shur,shute,shere
ridicoulous,1,ridiculous,,
formate,1,format,formats,
newground,1,newsround,,
paralells,1,parallels,,
magdaline,1,magdalene,,
liquers,1,liqueurs,liquors,
abaility,1,ability,,
pooing,1,poling,cooing,booing
inentionally,1,intentionally,,
ennemies,1,enemies,,
momm,1,mom,moma,momma
beatt,1,beast,beaut,bett
progessively,1,progressively,,
vei,1,vsi,vet,vii
mto,1,to,mao,mbo
runing,1,ruling,tuning,ruining
memerable,1,memorable,,
fantastick,1,fantastic,,
tooo,1,toro,toto,topo
tottally,1,totally,,
pooped,1,cooped,pooled,popped
vaule,1,vale,vaude,maule
isometic,1,isometric,,
elopes,1,lopes,eloped,elope
dqe,1,dye,dce,dme
eventuall,1,eventual,eventually,
determin,1,determine,,
ultimitely,1,ultimately,,
dayum,1,daum,datum,
syngergies,1,synergies,,
fortunite,1,fortunate,,
blowie,1,bowie,,
ervey,1,hervey,,
everplayed,1,overplayed,,
enducing,1,enduring,inducing,
togeather,1,together,,
knegroid,1,negroid,,
kantus,1,cantus,,
probally,1,probably,,
yus,1,hus,yous,bus
brodcast,1,broadcast,,
trolly,1,trolls,brolly,troll
satisying,1,satisfying,,
horrable,1,horrible,,
sensative,1,sensitive,,
jusr,1,jur,jus,just
gurdy,1,gerdy,purdy,
darky,1,sarky,larky,darkly
gorish,1,garish,,
muderer,1,murderer,,
isacc,1,isaac,,
dorky,1,corky,gorky,dory
playd,1,playa,plays,played
isaa,1,isa.,issa,isas
guarentee,1,guarantee,,
spewer,1,skewer,spewed,sewer
genics,1,genies,genius,
edminds,1,edmonds,edmunds,
accidentaly,1,accidentals,accidentally,accidently
invisable,1,invisible,,
expandsion,1,expansion,,
insaine,1,insane,,
probobly,1,probably,,
certafied,1,certified,,
induceing,1,inducing,,
bloodly,1,bloody,bloodily,
suckas,1,sucks,,
scenerios,1,scenarios,,
murded,1,murder,,
workes,1,workers,worker,worked
pemanency,1,permanency,,
psychopatic,1,psychopathic,,
experence,1,experience,,
potrays,1,portrays,,
enragement,1,engagement,,
instanly,1,instantly,,
everithing,1,everything,,
steath,1,strath,stealth,sheath
goony,1,goon,gooey,loony
rusky,1,musky,rusty,risky
glit,1,glib,flit,git
witted,1,witte,pitted,wilted
maskes,1,maskey,makes,masked
aaand,1,anand,amand,
apparantly,1,apparently,,
offcourse,1,of course,off-course,
changable,1,changeable,,
stoopid,1,stooped,,
wys,1,wvs,lys,whys
wyg,1,weg,wag,wye
electronica,1,electronics,electronic,
faget,1,facet,paget,feget
icepick,1,ice-pick,,
instict,1,instinct,,
addicitve,1,addictive,,
garrote,1,garrotte,,
preplanning,1,replanning,pre-planning,
ragrets,1,regrets,,
exmplified,1,exemplified,,
leve,1,levi,lele,levy
ragexd,1,raged,,
choreograph,1,choreography,,
powerfull,1,powerful,powerfully,
hlm,1,wlm,him,hum
sollution,1,pollution,solution,
trippin,1,tripping,,
supergero,1,superhero,,
rcxi,1,rixi,rci,
appropraite,1,appropriate,,
highley,1,highly,,
funni,1,fungi,funny,finni
randem,1,random,tandem,
diserves,1,deserves,,
repititive,1,repetitive,,
trippyer,1,tripper,trippier,
spammed,1,spasmed,slammed,
imersion,1,emersion,immersion,
achievs,1,achieves,achieve,
victoryous,1,victorious,,
sucessor,1,successor,,
suppoused,1,supposed,,
bling,1,boing,cling,eling
kinga,1,king,ringa,kinda
frustation,1,frustration,,
brillliant,1,brilliant,,
ultraviolent,1,ultraviolet,,
interseting,1,intersecting,interesting,
difficuly,1,difficult,difficulty,
cqc,1,cac,cuc,cic
phycho,1,psycho,,
cigerette,1,cigarette,,
othat,1,that,,
comparrison,1,comparison,,
miamia,1,miami,,
spiciness,1,spikiness,,
aimb,1,aim,aims,aib
enchaned,1,enchanted,,
usda,1,usta,uda,usa
blabed,1,blared,bladed,blamed
throu,1,throw,thro',thru
hellped,1,helped,,
nitpicking,1,nit-picking,,
himeself,1,himself,,
peole,1,pole,people,perle
excuisite,1,exquisite,,
gowd,1,god,owd,gow
beatz,1,beat,beats,
headach,1,headache,,
ruminates,1,ruminate,ruminated,
aced,1,aceh,acet,acid
kombat,1,wombat,combat,
wsad,1,bsad,sad,woad
melds,1,melos,meles,melts
pretention,1,pretentions,prevention,pretension
detractions,1,retractions,,
akhbar,1,akhtar,akbar,
itting,1,utting,pitting,sitting
araw,1,aran,craw,draw
edm,1,bdm,edc,emm
beauiful,1,beautiful,,
hamfisted,1,ham-fisted,,
violents,1,violent,violets,
abilitys,1,ability,,
diying,1,dining,diving,iying
tripy,1,trip,stripy,tripe
bezerker,1,berzerker,,
aggresive,1,aggressive,,
troughout,1,throughout,,
ulang,1,slang,lang,clang
scenarious,1,scenarios,,
cathegory,1,category,,
cussing,1,cursing,cushing,bussing
repitition,1,repetition,,
recieving,1,relieving,receiving,
shiz,1,shik,shi,ship
smgs,1,smes,sags,smrs
dyieng,1,dying,dyeing,
agian,1,gian,arian,avian
sandwhich,1,sandwich,,
savegry,1,savery,,
fuc,1,fac,fun,fmc
sush,1,such,sus,kush
acheivement,1,achievement,,
oppenents,1,opponents,,
wondeful,1,wonderful,,
anwered,1,answered,angered,
stressfull,1,stressful,,
imense,1,immense,,
fulled,1,fuelled,furled,gulled
contols,1,controls,consols,
styes,1,styles,sties,
certanly,1,certainly,,
motherf,1,mothers,mother,
heiny,1,hein,henny,heinz
voilent,1,violent,,
phonecalls,1,phone-calls,phonecall,
utilitze,1,utilize,,
responsivness,1,responsiveness,,
homeage,1,homage,,
strategicaly,1,strategical,strategically,
vunrable,1,vunerable,,
boners,1,boers,bonkers,bowers
appartment,1,apartment,,
miama,1,mama,miami,miasma
squishing,1,squashing,,
grapsh,1,graph,graphs,
mose,1,mos,muse,mise
reflexions,1,reflexion,,
saddly,1,saddle,sadly,
reciving,1,reviving,reliving,receiving
incredable,1,incredible,,
lengh,1,legh,leng,length
promis,1,proms,promos,promise
fetures,1,fetuses,futures,features
peen,1,pees,peden,veen
protangonist,1,protagonist,,
hotlnie,1,hotline,,
ferrel,1,farrel,ferret,
roxbury,1,oxbury,,
concious,1,conscious,,
mercedez,1,mercedes,,
appropiate,1,appropriate,,
fricken,1,fricker,fricke,
aweasome,1,awesome,,
slaming,1,slaving,slaying,slating
diserved,1,deserved,,
darm,1,daim,dare,dram
ilove,1,love,clove,glove
murdery,1,murders,murder,
aiight,1,alight,aright,
appart,1,apart,,
halp,1,hale,hap,help
weirded,1,weirder,,
wnat,1,what,nat,wnas
fockin,1,fockin',fokin,
wrecklessly,1,recklessly,,
gibbing,1,gibling,ribbing,gibbins
uplay,1,play,splay,
prasing,1,prising,parsing,phrasing
becaus,1,because,becau,
agresive,1,agressive,,
lovechild,1,love-child,,
difficulities,1,difficulties,,
everybodys,1,everybody,,
mayham,1,mayhem,maxham,masham
gurantee,1,guarantee,grantee,
goory,1,gory,glory,gooey
chiken,1,chicken,,
truma,1,trump,truman,trauma
wgaf,1,gaf,waaf,
illusive,1,allusive,,
diffcult,1,difficult,,
stratz,1,strath,strats,strata
jiggles,1,jiggled,biggles,juggles
satysfying,1,satisfying,,
stoved,1,stove,stored,stoned
feable,1,feeble,fable,
availiable,1,available,,
fustrating,1,frustrating,,
grusome,1,gruesome,,
resoulutions,1,resolutions,,
diz,1,dim,dia,div
indused,1,induced,infused,
jonatan,1,jonathan,,
whloe,1,chloe,whole,
foroward,1,foreward,forward,
vilolence,1,violence,,
unseteling,1,unsettling,,
examin,1,examine,,
deleriously,1,deliriously,,
cleavers,1,cleaves,clearers,cleaners
tarentino,1,tarantino,,
campain,1,campaign,,
sooks,1,rooks,nooks,soaks
ikke,1,icke,ike,kke
pliz,1,pli,piz,plin
faqing,1,fading,faking,faxing
voilence,1,violence,,
synthy,1,synth,synths,
adreniline,1,adrenaline,,
aproximately,1,approximately,,
gamin,1,garin,gaming,gain
immerses,1,immerse,immersed,
holine,1,holing,choline,hocine
subtles,1,subtler,subtlest,suttles
satifying,1,ratifying,satisfying,
weopens,1,reopens,,
damm,1,daim,ramm,tamm
committ,1,commit,commits,
tarnation,1,carnation,,
accro,1,accra,,
prive,1,price,prime,brive
simliar,1,similar,,
rishing,1,risking,fishing,wishing
begginning,1,beginning,,
thougt,1,thought,though,
aaaaah,1,aaaah,aaaaa,
attemting,1,attempting,attesting,
cooming,1,looming,zooming,cooing
enjoed,1,enjoyed,,
completlly,1,completely,,
dla,1,ola,dpa,dlp
clops,1,clps,clogs,clos
wigfrid,1,wilfrid,,
effigys,1,effigy,,
seosons,1,seasons,,
characthers,1,characters,,
recommende,1,recommended,recommend,recommends
aleready,1,already,,
lovin,1,loving,login,levin
wqas,1,was,wnas,
aimlessley,1,aimlessly,,
finidng,1,fining,finding,
survie,1,survive,,
daeth,1,death,,
followinf,1,following,,
dpnt,1,dent,dint,dont
asspect,1,aspect,,
osum,1,ovum,sum,
eery,1,very,every,emery
instills,1,instill,installs,instils
becuse,1,because,,
twenny,1,twenty,,
quitters,1,quitter,,
darek,1,dare,dark,derek
spraw,1,sprat,spray,straw
wna,1,nwa,lna,wha
wolno,1,wollo,,
leci,1,levi,loci,lecs
prostu,1,prost,,
kot,1,kat,kt,got
koza,1,kola,koa,kota
daje,1,dare,dawe,dale
dupy,1,dup,duppy,dupe
noc,1,no-,nvc,nbc
lubn,1,lubin,lunn,
noy,1,no-,coy,nos
aventurer,1,venturer,adventurer,
beetches,1,beeches,,
luved,1,loved,lured,lived
modss,1,modus,modes,moss
srory,1,story,rory,sorry
pengiun,1,penguin,,
survivng,1,surviving,,
survivle,1,survive,,
freacking,1,freaking,,
gearm,1,geary,germ,rearm
evr,1,evs,esr,tvr
scarry,1,scurry,scary,carry
atributes,1,tributes,attributes,
matar,1,matai,mater,tatar
aves,1,faves,ayes,abes
sopme,1,some,somme,
enjoyeble,1,enjoyable,,
gurd,1,turd,gurr,gerd
gys,1,gysi,ghs,gps
geerd,1,gerd,,
dotn,1,doon,dont,dorn
elemants,1,elements,,
truley,1,truely,turley,truly
thhe,1,thee,the,thae
devoloped,1,developed,,
allso,1,allo,also,allsop
mellody,1,melody,,
relaxsing,1,relapsing,relaxing,
mning,1,ming,mining,
starkt,1,stark,starke,start
smutta,1,smutty,,
snutt,1,shutt,scutt,nutt
addctive,1,addictive,additive,
desribed,1,described,,
stratigic,1,strategic,,
iteract,1,interact,,
gaint,1,gains,taint,faint
cabage,1,cabbage,,
bumblers,1,tumblers,,
updatet,1,updated,update,updates
delighful,1,delightful,,
expore,1,export,expose,expire
jhonen,1,shonen,,
grue,1,grus,prue,TRUE
regualrly,1,regularly,,
environtment,1,environment,,
amazng,1,amazing,,
orignial,1,original,,
puzzels,1,puzzles,,
garai,1,garau,garni,garam
sair,1,pair,stair,sais
whilist,1,whilst,,
meni,1,men,muni,menu
eet,1,eeh,bet,vet
milion,1,million,minion,emilion
servival,1,survival,,
trine,1,brine,tripe,trite
developping,1,developing,,
relitively,1,relatively,,
accidentily,1,accidently,,
geme,1,gem,gene,game
enimies,1,enemies,,
klie,1,klis,lie,ilie
nthough,1,though,,
gamie,1,game,mamie,jamie
mischeif,1,mischief,,
alikes,1,likes,alike,
guared,1,guarded,guard,glared
prequil,1,prequel,,
followes,1,fellowes,follower,follows
darkenss,1,darkens,darkness,
iphone,1,phone,,
somethoing,1,something,,
mecanic,1,mechanic,,
desrves,1,deserves,,
maed,1,maud,mced,mae
piket,1,piet,pikey,pikes
labtop,1,laptop,,
ophisticated,1,sophisticated,,
beautiufl,1,beautiful,,
physicological,1,physiological,,
apsects,1,aspects,,
smencils,1,stencils,,
owrd,1,owd,ord,word
jibberish,1,gibberish,,
suvival,1,survival,,
stuctures,1,structures,,
libray,1,libran,libra,library
wats,1,ats,fats,wags
moree,1,morel,morey,morse
stwo,1,sto,stow,two
oraz,1,oran,raz,oram
kiem,1,diem,kiet,kiam
poot,1,toot,oot,zoot
regenerates,1,regenerated,degenerates,regenerate
forbiden,1,forbidden,,
mebmer,1,mesmer,member,
thayt,1,that,,
hties,1,ties,sties,
hgame,1,game,,
excape,1,escape,,
ummm,1,umm,umma,mmmm
generaly,1,generally,general,generals
surviveing,1,surviving,,
ballsy,1,bally,ballay,balls
gourgeous,1,gorgeous,,
asss,1,asst,asses,asws
gypsie,1,gypsies,,
dumbed,1,dumped,dubbed,numbed
randomnly,1,randomly,,
gameply,1,gameplay,gamely,
wulf,1,wlf,wolf,gulf
crones,1,drones,croner,cronies
mahatmu,1,mahatma,,
butterfies,1,butterflies,,
caz,1,cac,gaz,canz
naah,1,nath,naoh,naaah
survivers,1,survives,survivors,
kere,1,mere,kern,vere
alk,1,ask,alt,alek
huntable,1,huxtable,,
charactor,1,character,,
hawkz,1,hawke,hawks,hawk
funtastic,1,fantastic,,
luckliy,1,luckily,,
enviorment,1,enviroment,,
caputred,1,captured,,
grapsing,1,grassing,grasping,
horros,1,horror,horrors,
fueling,1,feeling,fuelling,furling
happends,1,happens,appends,
saxphone,1,saxophone,,
appeares,1,appears,appeared,
tenticles,1,testicles,tentacles,
pigman,1,pitman,,
importaint,1,important,,
greenie,1,greene,,
villian,1,gillian,lillian,jillian
variated,1,variate,,
oshit,1,shit,,
capitalizes,1,capitalized,capitalises,capitalize
ballgame,1,ball-game,,
curation,1,duration,,
foood,1,food,flood,
tourch,1,touch,torch,
attracked,1,attacked,attracted,
basemant,1,basement,,
merm,1,mere,mer,term
houls,1,hauls,souls,hous
kited,1,kites,kilted,cited
sruvived,1,survived,,
gothy,1,goth,bothy,gotha
diffuculty,1,difficulty,,
advanture,1,adventure,,
athmosphere,1,atmosphere,,
sofar,1,sofas,so-far,sonar
appearred,1,appeared,,
possitive,1,positive,,
accidentilly,1,accidentally,,
seperately,1,separately,,
maxing,1,mixing,making,faxing
caliber,1,calibre,kaliber,caliper
scaler,1,scarer,scales,scaled
prepping,1,propping,,
suprises,1,surprises,suprised,suprise
surivive,1,survive,,
refrence,1,reference,,
splunky,1,spunky,,
etter,1,eater,etten,exter
teusday,1,tuesday,,
durden,1,burden,,
meee,1,mere,ieee,melee
whyy,1,whey,why,whys
finiding,1,finding,,
explaination,1,explanation,,
confonted,1,confronted,,
decended,1,depended,defended,descended
approched,1,approached,,
decieving,1,deceiving,,
gobbler,1,gobble,gobbles,cobbler
envoloping,1,enveloping,,
teath,1,tenth,teach,neath
probaby,1,probably,,
abundently,1,abundantly,,
flet,1,flee,let,fret
byebye,1,bye-bye,,
zeds,1,zeus,zed,zeks
receipes,1,receipts,receives,recipes
wacking,1,wanking,waking,jacking
profligates,1,profligate,,
protaganist,1,protagonist,,
stimpy,1,skimpy,stumpy,
compleetly,1,completely,,
probaly,1,prob'ly,probably,
recommedable,1,recommendable,,
firepit,1,firelit,,
premade,1,remade,,
giantic,1,gigantic,,
frien,1,brien,friel,urien
dencent,1,decent,descent,
addmittedly,1,admittedly,,
chellenging,1,challenging,,
weild,1,weill,weld,wild
encoutner,1,encounter,,
holydays,1,holidays,,
armours,1,armoury,amours,armour
steriods,1,steroids,,
inital,1,initial,instal,
pftt,1,pett,pitt,putt
utorrent,1,torrent,,
ktan,1,khan,kan,klan
vood,1,food,voor,hood
masse,1,massey,massie,manse
lites,1,lies,kites,likes
asdw,1,asda,adsw,asw
fricking,1,pricking,tricking,frisking
resourses,1,resources,,
piney,1,pinny,pitney,pikey
wilba,1,wilma,wilby,willa
quacken,1,quicken,quacked,
warly,1,wary,wanly,warmly
overrall,1,over-all,verrall,overall
wheather,1,whether,weather,heather
tryout,1,trout,try-out,
machanism,1,mechanism,,
slowlier,1,lowlier,,
aleast,1,least,,
frustated,1,frustrated,,
hayata,1,hayat,,
kalma,1,palma,kala,kalms
severek,1,severer,severes,severe
indan,1,inman,indian,
varsa,1,vars,varna,marsa
alin,1,lin,alun,alina
lmadan,1,madan,,
gayet,1,gaye,gayer,
iniza,1,ibiza,,
neyse,1,nyse,,
puan,1,juan,phan,yuan
sesler,1,seller,sealer,resler
silah,1,silas,salah,
aboveground,1,above-ground,,
elementos,1,elements,,
crie,1,cri,cried,erie
inven,1,niven,inver,invent
morra,1,moyra,morna,morar
fome,1,ome,some,rome
pode,1,ode,rode,spode
gigante,1,gigantea,gigant,
porcos,1,poros,,
convenc,1,convene,convent,
possui,1,possum,,
monstros,1,monstrous,,
dentro,1,centro,,
desse,1,jesse,hesse,dese
pelas,1,pleas,plas,peals
frequentes,1,frequented,frequenter,frequents
constante,1,constanta,constant,constance
relly,1,belly,elly,pelly
uch,1,ucp,auch,such
dmg,1,img,hmg,dml
gfame,1,fame,game,
whta,1,ihta,what,hta
abouit,1,about,,
gamne,1,gane,game,
gotted,1,rotted,gotten,gutted
wroten,1,wrote,,
dayzs,1,dayes,days,dayis
gool,1,goon,goof,fool
spookys,1,spooky,spooks,
continous,1,continuous,,
laters,1,eaters,lawers,caters
tentacel,1,tentacle,,
twings,1,wings,swings,twins
gaiman,1,garman,gaimar,
surpport,1,support,,
wate,1,waite,waste,nate
finito,1,finite,,
boogeyman,1,bogeyman,,
writng,1,writing,wring,
insance,1,insane,instance,
incorportes,1,incorporates,,
playout,1,payout,layout,
environemental,1,environmental,,
neve,1,nee,neuve,neva
rgets,1,gets,,
fasinating,1,fascinating,,
livable,1,liveable,liable,lovable
gddr,1,ddr,gdr,
ddri,1,deri,dri,dori
moder,1,modern,model,oder
youa,1,yous,you,yoga
witll,1,will,,
backloig,1,backlog,,
extraodinary,1,extraordinary,,
haphazzardly,1,haphazardly,,
enjoyible,1,enjoyable,,
halarious,1,hilarious,,
hunker,1,bunker,hunger,hunkers
lvl,1,lv,ll,lul
neaqring,1,nearing,,
koopas,1,koops,,
progessive,1,progressive,,
feces,1,fetes,fences,faces
maddiningly,1,maddeningly,,
absolutle,1,absolute,,
colllect,1,collect,,
buckiel,1,buckie,,
pantz,1,pants,pant,panto
oculas,1,ocular,,
byr,1,bir,blr,byre
catle,1,cadle,cale,castle
fles,1,fleas,flesh,iles
pessimo,1,pessima,,
beond,1,bend,beyond,bernd
jeux,1,deux,peux,jeu
marrant,1,tarrant,farrant,arrant
quand,1,quad,quaid,quando
joue,1,jove,joe,jose
potes,1,poses,botes,poles
everwhere,1,everywhere,,
campaigne,1,campaigns,campaign,campaigner
tgt,1,ugt,ttt,cgt
frend,1,frond,fred,trend
recomendable,1,recommendable,,
mencion,1,mention,,
pone,1,pony,pyne,pond
onda,1,fonda,oda,ond
didney,1,sidney,kidney,disney
worl,1,wore,worn,woil
lokking,1,locking,looking,
amped,1,ampes,damped,tamped
sufference,1,sufferance,,
disbeleiving,1,disbelieving,,
stoped,1,sloped,stooped,stoned
hilarius,1,hilarious,,
infinte,1,infante,infinite,
blam,1,blas,blay,blah
baboom,1,baboon,,
gerneral,1,general,,
frisbees,1,frisbee,,
refernces,1,references,,
abiltiy,1,ability,,
philosphical,1,philosophical,,
rir,1,bir,vir,ris
idiotas,1,idiots,,
puzziling,1,puzzling,,
amazin,1,amazon,amazing,
nostaliga,1,nostalgia,,
haave,1,halve,have,heave
agaisnt,1,against,,
myah,1,myth,miah,ayah
chanllenge,1,challenge,,
nuf,1,nus,nsf,nul
gamr,1,gair,amr,gama
campaing,1,campaign,campling,camping
moneh,1,money,month,monet
arah,1,aran,arab,asah
djigit,1,digit,,
pfft,1,pff,,
unk,1,bunk,un,un-
ohr,1,ocr,hr,oh
uooo,1,ooo,,
uoo,1,udo,loo,foo
houh,1,hou,hough,hoch
baaw,1,baa,basw,baal
burkah,1,burmah,burgah,
buckeh,1,buckey,bucked,bucket
burkeh,1,burke,,
jajah,1,rajah,,
fandom,1,random,,
incase,1,in case,incas,encase
buyed,1,bayed,bused,buoyed
strenghten,1,strengthen,,
plang,1,plane,plange,pang
wtach,1,watch,,
jems,1,jets,jews,jams
gaems,1,gaels,games,gems
izi,1,izz,iii,ini
pwned,1,pined,pawned,owned
yeee,1,ieee,eee,leee
shieet,1,sheet,,
chaostic,1,chaotic,,
minecr,1,miner,mincer,
drowing,1,droning,growing,drowning
crasher,1,crashes,crusher,brasher
worskhop,1,workshop,,
finishe,1,finishes,finisher,finished
diffrence,1,difference,,
goldd,1,golds,gold,
awnser,1,anser,,
pidar,1,pilar,pinar,pindar
subvmitted,1,submitted,,
rvenge,1,avenge,revenge,
turnd,1,turn,turns,turned
voz,1,oz,boz,viz
fantasitc,1,fantastic,,
accessable,1,accessible,,
combonations,1,combinations,,
doof,1,woof,doon,yoof
homonid,1,hominid,,
sillyness,1,silliness,,
conside,1,consider,onside,confide
whould,1,should,would,
comentator,1,commentator,,
scenese,1,sienese,scenes,
enjoyble,1,enjoyable,,
meowing,1,mowing,mewing,
supa,1,oupa,sepa,sura
boatloads,1,boatload,,
sucky,1,sulky,ducky,sucks
developars,1,developers,,
theyr,1,they,their,ther
multilpayer,1,multilayer,,
centsd,1,cents,,
gona,1,goan,rona,mona
thoght,1,thought,,
happeing,1,happening,,
itme,1,tme,time,item
puzzlers,1,puzzler,puzzles,
fiddely,1,fiddly,,
stronk,1,strong,,
epci,1,pci,epc,epic
sranda,1,oranda,aranda,
ujem,1,unem,jem,
bobbling,1,cobbling,babbling,bobbing
stuf,1,stun,stuff,stup
skillz,1,skill,skills,
delightfull,1,delightful,delightfully,
finhis,1,finnis,,
greate,1,grate,grease,greater
swoosh,1,woosh,,
swiesh,1,swish,,
narated,1,narrated,,
ckin,1,skin,kin,akin
definitily,1,definitely,,
njir,1,noir,nir,
ajib,1,acib,aaib,jib
bener,1,beer,bever,bene
puzzley,1,puzzler,puzzled,puzzle
interestling,1,interesting,,
funiest,1,funniest,,
gyus,1,grus,guys,gyms
laik,1,laki,lack,naik
unles,1,unlet,uncles,unless
couler,1,couper,coupler,cooler
amaing,1,amazing,,
comentate,1,commentate,,
performence,1,performance,,
fasion,1,fusion,fashion,
sendo,1,send,endo,kendo
rindo,1,indo,rind,lindo
ssimo,1,simo,,
algu,1,alu,algy,alga
magicka,1,magick,,
intesifies,1,intensifies,,
xbla,1,xba,xla,bla
twerked,1,tweaked,,
firends,1,friends,fiends,
amizing,1,amazing,,
surprizingly,1,surprisingly,,
jello,1,mello,jelly,dello
babying,1,baying,,
wackiness,1,tackiness,,
stakingly,1,shakingly,,
evur,1,ever,,
nanners,1,nannerl,banners,tanners
mystifing,1,mystifying,,
qame,1,came,fame,game
mustn,1,must,musts,musty
bowties,1,booties,,
bai,1,bat,abi,wai
fak,1,fa,far,fab
decir,1,decor,decin,deir
bonita,1,bonito,donita,
jugar,1,sugar,,
importen,1,imported,importer,
pollished,1,polished,,
fukn,1,fun,funk,fuka
hillariously,1,hilariously,,
overreacted,1,over-reacted,overreached,
inturn,1,intern,,
corrses,1,corries,corpses,courses
espetially,1,especially,,
spactacular,1,spectacular,,
comedie,1,comedic,comedies,
cance,1,canne,cace,cancel
defintely,1,definately,definitely,
defiently,1,defiantly,,
voiceovers,1,voice-overs,,
deffinitely,1,definitely,,
poeple,1,popple,pople,people
palying,1,palming,paling,playing
compatable,1,compatible,comparable,
esrb,1,esro,srb,esrc
diologue,1,dialogue,,
vioce,1,voce,vince,voice
sike,1,sine,ike,size
juste,1,jute,juster,just
pissent,1,dissent,pinsent,
rlly,1,roly,elly,ally
exagerate,1,exaggerate,,
bwoss,1,boss,,
owuld,1,would,ould,
reommend,1,recommend,,
constand,1,constant,,
tipes,1,pipes,tapes,types
kipe,1,kine,wipe,kip
ksi,1,vsi,osi,msi
pelin,1,perin,pein,plein
takia,1,taki,tania,takin
narritors,1,narrators,,
deveoped,1,developed,,
catsle,1,cattle,castle,
definiteiy,1,definitely,,
grifted,1,gifted,drifted,gritted
khel,1,kel,shel,keel
slaked,1,slaved,slake,soaked
prehaps,1,perhaps,,
learving,1,leaving,learning,
charachter,1,character,,
sugestions,1,suggestions,,
duh,1,dhu,uh,dup
torward,1,toward,forward,
pratice,1,practice,,
yahs,1,yams,yas,aahs
gooder,1,cooder,goodey,goodier
hourglases,1,hourglass,,
picturebook,1,picture-book,,
floatier,1,floater,,
thinkin,1,thinking,thinkin',
fludd,1,ludd,fluid,
configures,1,configure,configured,
pricy,1,price,prick,privy
twt,1,jwt,twit,tw
gummies,1,tummies,mummies,dummies
entires,1,entries,entire,entices
midpoints,1,midpoint,,
trucy,1,truby,tracy,truck
exi,1,emi,exit,exe
anoying,1,annoying,,
hitboxes,1,hatboxes,,
fov,1,dov,foo,fo
drumbeats,1,drumbeat,,
genious,1,genius,,
adhd,1,adh,add,
gungeon,1,gudgeon,dungeon,
furi,1,fusi,furio,furie
breakfeast,1,breakfast,,
dunkey,1,dunkery,donkey,dunked
fanstastical,1,fantastical,,
playdates,1,playmates,,
kickoff,1,kick-off,,
bakground,1,background,,
tloz,1,loz,,
heists,1,heist,hoists,deists
stiched,1,stitched,,
ubisoft,1,unisoft,,
bloodborne,1,blood-borne,,
vannessa,1,vanessa,,
remapping,1,recapping,,
pieace,1,piece,peace,pierce
thaen,1,than,thae,then
medicore,1,mediocre,medicare,
niklas,1,niklaus,,
warband,1,warbands,,
athons,1,athos,athens,
vibrance,1,vibrancer,vibrancy,
zyga,1,zygo,,
colect,1,collect,colet,
sountracks,1,soundtracks,,
muble,1,mumble,mule,
smol,1,smo,skol,sol
hecc,1,ecc,secc,heck
banjoo,1,banjo,,
charcters,1,charters,characters,
gigabyte,1,gigabytes,,
comparible,1,compatible,comparable,
unqiue,1,unique,,
refusses,1,refuses,,
requiers,1,requires,,
faucets,1,faucet,facets,
dof,1,dos,dov,doe
mafiosi,1,mafioso,,
underserved,1,undeserved,,
grumps,1,gramps,rumps,crumps
strongmen,1,strongman,,
mafiosos,1,mafioso,,
dkc,1,dcc,dtc,dic
oofs,1,oafs,oops,roofs
irk,1,dirk,iro,irc
redudant,1,redundant,,
evend,1,evened,even,svend
oit,1,hit,iot,oat
supperior,1,superior,,
quiting,1,suiting,guiting,quoting
mainting,1,tainting,painting,fainting
timepeice,1,timepiece,,
critiqued,1,critique,critiques,
udk,1,udi,udhk,udc
reasources,1,resources,,
geez,1,eez,gee,geek
reminescent,1,reminiscent,,
coukd,1,could,,
unnecesarily,1,unnecessarily,,
anmounts,1,amounts,,
worthwile,1,worthwhile,,
abilties,1,abilities,,
relflected,1,reflected,,
psx,1,sx,ps.,psl
rhcd,1,rcd,,
mrw,1,mrd,drw,mrs
skews,1,sews,skew,stews
acomplished,1,accomplished,,
gimick,1,gimmick,,
itty,1,ditty,etty,itt
amazzing,1,amazing,,
bonks,1,bonds,binks,tonks
realistict,1,realistic,,
styile,1,style,stile,
sploiler,1,spoiler,,
gts,1,ats,ghs,gte
mehcanic,1,mechanic,,
realease,1,release,,
claimes,1,claims,claimed,climes
atmospere,1,atmosphere,,
xuw,1,xu,huw,duw
nxjs,1,xjs,,
spaceous,1,spacious,,
deth,1,depth,deta,deh
canceling,1,cancelling,,
jhu,1,jha,shu,dhu
hesetant,1,hesitant,,
beautyful,1,beautiful,,
hhh,1,ahh,hah,shh
headbutt,1,head-butt,,
bummed,1,bumped,summed,bummer
weirds,1,weirdo,weird,weirs
bying,1,boing,iying,ying
eix,1,xix,kix,ein
pensa,1,pens,pena,densa
compre,1,compare,compere,
foi,1,loi,foo,fo
estar,1,star,ester,
passou,1,passu,,
sentimento,1,sentiment,sentiments,
sicas,1,silas,picas,icas
timas,1,timbs,tamas,timms
justo,1,gusto,junto,just
obra,1,bra,bora,okra
atmossphere,1,atmosphere,,
ingenius,1,ingenious,,
shoutout,1,shootout,,
desgin,1,dessin,design,
optionals,1,optional,,
perfomance,1,performance,,
stabby,1,stubby,slabby,scabby
darlin,1,darling,darli,darwin
careening,1,careering,,
optmized,1,optimized,,
skylar,1,skylark,skylab,sklar
plux,1,klux,flux,plum
funke,1,funky,fulke,funk
efeel,1,feel,,
revist,1,revisit,resist,relist
someplaces,1,someplace,,
absoulute,1,absolute,,
languange,1,language,,
dalam,1,dalat,malam,alam
bermain,1,germain,berman,
platfrom,1,platform,,
puas,1,ptas,puss,pcas
misi,1,mini,missi,midi
harus,1,harms,harks,larus
sampai,1,sampaio,,
tapi,1,tari,topi,taxi
desain,1,desai,derain,detain
imut,1,smut,,
unik,1,uni,nik,univ
sistem,1,sister,system,
jauh,1,jah,,
banyak,1,banyan,,
mati,1,mait,matic,madi
oleh,1,oleg,ole,
jangan,1,mangan,janman,langan
baik,1,bait,baie,naik
sisi,1,siii,sidi,sssi
kamera,1,kamer,camera,kamara
aneh,1,aceh,anth,neh
sedang,1,sedan,,
berada,1,berrada,berana,
duduk,1,dudek,,
santai,1,santas,santa,santi
berat,1,beret,barat,beat
akan,1,aran,kan,aka
beli,1,belie,eli,beni
reponsive,1,responsive,,
wimsical,1,whimsical,,
tidbits,1,titbits,,
goofball,1,golfball,,
mcml,1,mcl,cml,
onne,1,owne,gonne,bonne
milf,1,mild,mill,mile
altough,1,although,,
humerous,1,numerous,humorous,humerus
floodless,1,bloodless,,
optimizations,1,optimization,,
realesed,1,realised,,
wol,1,wfl,woil,woul
rauwe,1,hauwe,,
dfficult,1,difficult,,
persoanlly,1,personally,,
concidering,1,considering,,
cwat,1,coat,cwt,cat
cwime,1,chime,cime,crime
uwu,1,uwe,uwc,uwp
pwease,1,please,pease,
dwon,1,doon,won,dion
wowd,1,wold,dowd,owd
mintue,1,minute,,
throug,1,throng,through,
collecta,1,collect,collects,
flowy,1,flows,flow,flown
predicatble,1,predictable,,
redifine,1,redefine,,
problms,1,problems,,
collecatbles,1,collectables,,
enlcosed,1,enclosed,,
busrting,1,busting,bursting,
vantagepoint,1,vantage-point,,
faveourite,1,favourite,,
marvelously,1,marvellously,,
wowed,1,rowed,cowed,mowed
muliple,1,multiple,,
bumpin,1,bumpkin,bumping,
jiggies,1,ciggies,piggies,
percision,1,precision,,
squeeky,1,squeezy,squeaky,
wonerfully,1,wonderfully,,
diservice,1,disservice,,
disire,1,desire,,
opinon,1,opinion,,
blinx,1,blix,blink,linx
chamelleon,1,chameleon,,
absolutelly,1,absolutely,,
saek,1,shek,sadek,sank
imaginatice,1,imaginative,,
growning,1,groaning,growing,browning
diddy,1,diddly,biddy,liddy
tidbit,1,titbit,,
subarea,1,subareas,,
upable,1,usable,unable,
claustophobic,1,claustrophobic,,
includ,1,include,,
modernizes,1,modernized,modernize,modernizers
splitscreen,1,split-screen,,
themselfs,1,themself,,
feck,1,teck,eck,fuck
refering,1,referring,,
visibilty,1,visibility,,
consoley,1,consoles,console,consoled
decidely,1,decidedly,,
positivelly,1,positively,,
adoreable,1,adorable,,
cheesey,1,cheesed,cheese,cheesy
grunty,1,grundy,grungy,grunts
banjos,1,banjo,,
baisically,1,basically,,
rasperry,1,raspberry,,
eneny,1,enemy,,
oohh,1,ohhh,oooh,oohs
harken,1,harden,harked,darken
daugther,1,daughter,,
abilitis,1,abilities,,
endorsment,1,endorsement,,
qtest,1,test,quest,
paitent,1,patient,patent,
capabilty,1,capability,,
postives,1,positives,,
yaylee,1,yaxlee,,
susprises,1,surprises,,
sylization,1,stylization,,
gettit,1,pettit,,
debatably,1,debatable,,
lel,1,leg,lep,fel
bumbiling,1,bumbling,,
etheir,1,ether,their,
megalovania,1,megalomania,,
catchiness,1,patchiness,,
particularl,1,particular,particulary,particulars
brutaly,1,brutal,brutally,
megalomaniacs,1,megalomaniac,,
uniquie,1,unique,,
idenity,1,identity,,
reguardless,1,regardless,,
uncharated,1,uncharted,,
pbg,1,pbl,ppg,pbx
birb,1,bir,birk,bird
additionnal,1,additional,,
qol,1,qom,ol,sol
improvments,1,improvements,,
boppin,1,bopping,,
subplots,1,sub-plots,subplot,
anoter,1,another,,
dvided,1,divided,,
obssessively,1,obsessively,,
okami,1,okapi,okawi,
absolut,1,absolute,,
smooching,1,mooching,smoothing,
compleated,1,completed,,
puplishers,1,publishers,,
muli,1,multi,muni,mali
refference,1,reference,,
mubling,1,mulling,mumbling,
memebers,1,members,,
gemas,1,gemms,gems,
easyest,1,easiest,,
controll,1,controls,control,
similat,1,similar,,
preatty,1,pretty,,
impresive,1,impressive,,
providet,1,provider,provided,provident
liniar,1,linear,,
giveing,1,giving,,
chanche,1,chance,chancre,
collors,1,collor,colors,collars
becomeing,1,becoming,,
clasic,1,clastic,classic,
travling,1,trawling,traveling,trailing
interupted,1,interrupted,,
deseve,1,deserve,,
odessy,1,odessa,,
mooves,1,moores,moves,hooves
contet,1,contes,contest,context
wario,1,waris,dario,mario
percise,1,percies,precise,
subtracts,1,subtract,,
laxed,1,laxey,waxed,axed
diversed,1,diverted,diverged,diverse
mobas,1,mbas,mobs,molas
royales,1,royals,royale,rosales
savior,1,saviour,,
apparoximately,1,approximately,,
purpouse,1,purpose,,
vsync,1,sync,,
successfuly,1,successfully,successful,
gaim,1,gair,daim,haim
ngl,1,nl,nul,ngs
rivaling,1,rivalling,,
coverd,1,covert,covered,covers
frikin,1,firkin,,
smugs,1,smuts,mugs,smogs
peasy,1,peaty,easy,peaky
empatise,1,empathise,,
joyfull,1,joyful,joyfully,
somethin,1,something,somethin',
choclate,1,cholate,chocolate,
divirse,1,diverse,,
patreon,1,patron,,
bonitos,1,bonito,bonitus,
falas,1,galas,salas,falls
fases,1,bases,fates,fuses
feitas,1,freitas,,
ceis,1,eis,cees,ces
falar,1,alar,falae,valar
seaquel,1,sequel,,
excist,1,exist,excise,
kalo,1,malo,kala,kali
bikin,1,birkin,bikini,biking
masa,1,mesa,dasa,mask
tamat,1,tamar,tamati,tamas
masalah,1,masala,,
anjing,1,nanjing,,
translete,1,translate,,
superduper,1,super-duper,super duper,
chocked,1,shocked,choked,checked
enraging,1,engaging,,
botw,1,bott,both,boto
horizion,1,horizon,,
cuter,1,chuter,cutler,suter
mafa,1,mafia,malfa,safa
unfortunte,1,unfortunate,,
aint,1,dint,hint,ain
ocarina,1,carina,,
workship,1,workshop,worship,
almsot,1,almost,,
mashes,1,ashes,lashes,sashes
wowie,1,cowie,gowie,dowie
plou,1,plop,plod,pou
convice,1,convict,convince,
beutifully,1,beautifully,,
espeacially,1,especially,,
expecttions,1,expectations,,
entertianing,1,entertaining,,
everyhthing,1,everything,,
propably,1,probably,,
consept,1,consett,concept,consent
loord,1,voord,lord,
prostetic,1,prostatic,prosthetic,
darkwood,1,parkwood,,
baws,1,maws,bass,babs
frekking,1,freaking,trekking,
decrepid,1,decrepit,,
colonst,1,colons,colonist,
squirell,1,squirrell,,
stong,1,strong,stung,song
likelyhood,1,likelihood,,
canibalism,1,cannibalism,,
geners,1,genders,generis,genes
ehnanced,1,enhanced,,
atmopshere,1,atmosphere,,
looong,1,loong,,
prinson,1,prison,,
architech,1,architect,,
pouco,1,pouch,,
galera,1,galena,valera,
reais,1,rears,reams,reals
problema,1,problems,problem,
desde,1,dese,,
queria,1,querida,quercia,
compro,1,compo,,
fazer,1,faze,fazed,faber
analises,1,analyses,,
incr,1,icr,inc,inc.
vel,1,veal,vet,vxl
numa,1,num,numb,numan
ilha,1,ilsa,ila,isha
deserta,1,deserts,desert,
vermes,1,hermes,verges,veres
infec,1,infer,infect,
isso,1,issa,esso,iss
casam,1,casa,cadam,
amam,1,amma,adam,mam
irm,1,iro,ism,igm
maneira,1,madeira,,
complexa,1,complex,,
constantes,1,constants,,
trilh,1,trinh,trill,trish
existentes,1,existences,existents,
imposs,1,impose,imposes,impost
veis,1,eis,vis,vers
sabe,1,sare,babe,sade
depois,1,depots,,
temperatura,1,temperature,,
prio,1,trio,pris,brio
fala,1,sala,fara,fama
stico,1,stich,stick,
combina,1,combing,combine,
teses,1,teles,tees,tests
experimentar,1,experimenter,experimental,
atr,1,ath,at1,ats
fugi,1,fungi,fuji,fusi
planeta,1,planet,planets,
gente,1,gene,genet,gentle
nesse,1,jesse,nisse,nesle
teve,1,steve,tele,tove
mudam,1,mudar,madam,
coisa,1,cosa,coia,corsa
conqure,1,conjure,conquer,
explaing,1,explains,explain,explain'
disastors,1,disasters,,
temprature,1,temperature,,
reasearch,1,research,,
harvesta,1,harvests,harvest,
deras,1,deas,dears,eras
velat,1,velar,vela,pelat
bli,1,bui,blr,blip
kass,1,bass,kays,wass
spela,1,spla,spell,spelt
sina,1,sinar,siva,sine
mmar,1,mar,omar,umar
antar,1,avtar,anwar,altar
shivs,1,shias,shins,shiva
laborers,1,labourers,,
creatable,1,treatable,,
stroytellers,1,storytellers,,
minimse,1,minimise,minims,
harcore,1,hardcore,,
bearly,1,beauly,pearly,yearly
resoult,1,result,,
streight,1,straight,,
psyhopath,1,psychopath,,
forawrd,1,forward,,
thak,1,thai,than,thae
unconciousness,1,unconsciousness,,
sorrounding,1,surrounding,,
stehpan,1,stephan,stepan,
marshmellow,1,marshmallow,,
desastrous,1,disastrous,,
neurally,1,neutrally,,
catacomb,1,catacombs,,
ryoko,1,yoko,,
minase,1,minse,minas,kinase
fcd,1,fcr,fcj,fca
cdb,1,adb,cib,cb
shizzle,1,sizzle,,
traumatizes,1,traumatized,,
cryin,1,crying,,
shenanighans,1,shenanigans,,
contructing,1,constructing,contracting,
funneled,1,funnelled,,
acouple,1,couple,,
evacutes,1,evacuees,,
traige,1,triage,,
cruely,1,cruelty,cruelly,crudely
charna,1,charta,,
elric,1,melric,euric,ulric
recourses,1,recourse,,
whiner,1,whine,weiner,whinger
evented,1,eventer,vented,evened
slothed,1,clothed,sloshed,soothed
firey,1,fiery,fires,fire
emanting,1,emanating,,
unslightly,1,unsightly,,
moodlet,1,goodlet,,
evey,1,eley,eve,ever
reamain,1,remain,,
shotting,1,spotting,hotting,slotting
traveler,1,traveller,,
genocides,1,genocide,,
anu,1,ano,asu,alu
treking,1,trekking,,
mentionl,1,mention,mentions,
prioirty,1,priority,,
helpul,1,helpful,,
hesistant,1,hesitant,resistant,
conving,1,conning,,
journy,1,journo,journey,
dispair,1,despair,,
accomadate,1,accomodate,,
farctured,1,fractured,,
slaughters,1,slaughter,,
tpk,1,tpm,lpk,tok
greenhell,1,greenwell,greenhill,
silvertongued,1,silver-tongued,,
rehab,1,rahab,,
myserious,1,mysterious,,
propsed,1,propped,proposed,
refridgerated,1,refrigerated,,
veggie,1,veggies,peggie,heggie
forcefed,1,force-fed,,
regerts,1,reverts,regents,regrets
rejuvination,1,rejuvenation,,
irrepairable,1,irreparable,,
chowing,1,crowing,choking,chewing
recommeneded,1,recommended,,
zealtous,1,zealous,,
completley,1,completely,,
alchohol,1,alcohol,,
moutain,1,mountain,mortain,
phycic,1,physic,,
recuited,1,recited,recruited,
braindamaged,1,brain-damaged,,
consiousness,1,consciousness,,
avarage,1,average,,
unfathomably,1,unfathomable,,
ocg,1,og,org,ccg
refridgeration,1,refrigeration,,
fiercly,1,fiercely,,
hosptial,1,hospital,,
estatic,1,eustatic,ecstatic,static
suddently,1,suddenly,,
existense,1,existence,,
bulding,1,boulding,building,budding
contageous,1,contagious,,
cused,1,cursed,cured,cased
reclaimation,1,reclamation,,
constucted,1,constructed,,
approaced,1,approached,,
insurpassable,1,unsurpassable,,
flourised,1,flourished,,
rememberance,1,remembrance,,
attemtp,1,attempt,,
imrproved,1,improved,,
passionte,1,passionate,,
recruite,1,recruits,recruited,recruiter
vaporises,1,vaporised,vaporise,
fourty,1,forty,fourth,
sfill,1,swill,skill,shill
frostbitten,1,frost-bitten,,
furthing,1,farthing,,
fantasizes,1,fantasized,fantasize,fantasies
pries,1,prigs,pried,prise
reverance,1,severance,reverence,
gnaws,1,gnaw,gnats,
magnificant,1,magnificent,magnificat,
visiters,1,visitors,,
aproached,1,approached,,
dieties,1,pieties,ditties,deities
consiquences,1,consequences,,
woun,1,worn,woan,won
regretably,1,regrettably,,
devestated,1,devastated,,
preceeding,1,preceding,proceeding,
upd,1,upp,kpd,spd
fallouts,1,fallout,,
priortize,1,prioritize,,
succombs,1,succumbs,,
bussy,1,pussy,mussy,bossy
usuall,1,usually,usual,
treaths,1,wreaths,breaths,treats
deepst,1,deepest,deeps,
colonys,1,colons,colony,colones
comforable,1,comfortable,,
incomming,1,incoming,,
remainig,1,remaining,,
massiv,1,massif,massive,massie
relicts,1,relict,relics,
blindsided,1,blindside,,
sterilizing,1,sterilising,,
witling,1,watling,wilting,willing
undisputable,1,indisputable,,
tortiose,1,tortoise,,
helpfull,1,helpfully,helpful,
weilding,1,wilding,wielding,feilding
defrosts,1,defrost,,
jailor,1,bailor,jailer,sailor
nahh,1,ahh,nath,naoh
farers,1,carers,fabers,fares
counseling,1,counselling,,
laste,1,paste,late,waste
easiliy,1,easily,,
recurited,1,recruited,,
seiges,1,seizes,seige,sieges
streached,1,stretched,,
bandge,1,badge,bandage,bande
propper,1,cropper,proper,prosper
burrial,1,burrill,burial,
gonner,1,gonne,gunner,tonner
crumples,1,crumbles,crumple,crumpled
revamps,1,revamp,,
complusion,1,compulsion,,
destress,1,distress,,
assignement,1,assignment,,
marraige,1,marriage,,
selfs,1,serfs,self,self-
definitaly,1,definitely,,
grabing,1,grazing,grabbing,grating
xddd,1,dddd,ddd,
implented,1,implanted,,
succes,1,success,,
labored,1,laboured,,
presumeably,1,presumably,,
highpoints,1,highpoint,,
skillset,1,skillet,,
outweight,1,outweighs,outweigh,
vinilla,1,vanilla,,
archetect,1,architect,,
eveyone,1,everyone,,
afterwords,1,afterwards,,
bloodies,1,bloodiest,bloodier,bloodied
zork,1,pork,fork,work
couger,1,conger,codger,couper
farmiliar,1,familiar,,
herbavores,1,herbivores,,
pegleg,1,pegler,,
vistor,1,victor,visitor,visor
zeko,1,zeke,zeks,zeno
riflles,1,rifles,,
decission,1,decision,,
cirrosis,1,cirrhosis,,
becomming,1,becoming,,
fblooming,1,blooming,,
thirtreen,1,thirteen,,
mutliated,1,mutilated,,
specialy,1,specialty,special,specials
dissaster,1,disaster,,
slightist,1,slightest,,
havesting,1,harvesting,,
smurf,1,surf,scurf,
defnitely,1,definitely,,
valuble,1,voluble,valuable,
instigates,1,instigated,instigate,
sociapathic,1,sociopathic,,
prepaired,1,repaired,prepared,
critter,1,ritter,fritter,
aproaches,1,approaches,,
headlessly,1,heedlessly,,
stupour,1,stupor,,
mostley,1,mosley,motley,moseley
figting,1,fitting,fighting,
barraks,1,barracks,,
refueses,1,refuses,,
brodys,1,brody,,
dispointed,1,disjointed,,
dependancies,1,dependencies,,
tollerate,1,tolerate,,
intergration,1,integration,,
superhumans,1,superhuman,,
armored,1,armoured,,
moreso,1,moreno,mores,
rjw,1,rmw,row,rjr
aand,1,sand,land,rand
scathed,1,swathed,scythed,
plaent,1,planet,plaint,plant
edb,1,adb,edc,idb
surviors,1,survivors,,
potenially,1,potentially,,
indeph,1,indepth,,
thiking,1,hiking,thinking,
shub,1,hub,shur,shu
hastely,1,chastely,hastily,
twi,1,ti,twit,tw
wookies,1,woolies,bookies,rookies
ewoks,1,ewos,,
basicaly,1,basically,,
subpar,1,sub-par,,
startred,1,startled,starred,started
setteler,1,settler,,
eveybody,1,everybody,,
orderd,1,order,orders,ordered
rthe,1,rte,the,rohe
vangaurd,1,vanguard,,
coben,1,coxen,cobden,coven
camble,1,hamble,ramble,gamble
nighter,1,righter,fighter,tighter
sseth,1,sheth,seth,
exicted,1,exacted,excited,exited
borreal,1,boreal,,
celcius,1,celsius,,
abled,1,baled,bled,abed
pafge,1,pfge,paige,page
explaning,1,explaining,,
whiney,1,whinney,whitney,whine
urists,1,uists,wrists,jurists
doggos,1,doggo,,
supression,1,suppression,,
makning,1,making,manning,
gof,1,goof,goh,got
shog,1,sho,shoo,shoe
syha,1,sha,yha,
llll,1,loll,lull,llnl
ymg,1,rmg,img,smg
ahog,1,ahoy,aho,hog
shogg,1,hogg,,
naii,1,naic,nail,nadi
ghft,1,gift,,
mintues,1,minutes,,
sthe,1,the,she,s/he
kindess,1,kindest,kindness,
ison,1,icon,fison,ikon
overwhemingly,1,overwhelmingly,,
positon,1,positron,position,
gerandes,1,grandes,,
fianc,1,fiana,franc,fiance
enroute,1,en route,en-route,
mantain,1,maintain,,
ispired,1,aspired,inspired,
faithul,1,faithful,,
supid,1,cupid,stupid,
catostrophic,1,catastrophic,,
merily,1,merrily,verily,merely
joinging,1,jointing,joining,
aya,1,anya,aea,ata
pyros,1,spyros,gyros,pyres
fawge,1,fadge,,
suriving,1,surviving,striving,
clothers,1,clothiers,clothes,crothers
rhyno,1,rhino,,
cetain,1,petain,certain,retain
funiture,1,furniture,,
lti,1,ti,loi,rti
gxof,1,goof,,
bdk,1,bdm,bde,bok
ahold,1,hold,,
cabybara,1,capybara,,
varities,1,vanities,varieties,verities
oribtal,1,orbital,,
specializies,1,specializes,specialities,
accesible,1,accessible,,
panick,1,pannick,panics,panicky
accomodations,1,accomodation,accommodations,
putz,1,lutz,put,putt
albina,1,alina,alpina,albini
artifiial,1,artificial,artifical,
litteral,1,literal,littoral,
clickb,1,click,clicks,
offscreen,1,off-screen,,
reseaching,1,researching,,
perfom,1,perform,,
enviornment,1,environment,,
browses,1,browsed,browse,brownes
heatwaves,1,heatwave,,
steepish,1,sheepish,,
slaughered,1,slaughtered,,
cultist,1,cultish,cultists,
mechinoids,1,echinoids,mechonoids,
gaunlets,1,gauntlets,,
pallisades,1,palisades,,
muffaloes,1,buffaloes,,
dwar,1,dwarf,dar,dwa
responsibilty,1,responsibility,responsiblity,
supprised,1,suprised,surprised,
infintely,1,infinitely,,
sculpts,1,sculpt,,
bludgen,1,budgen,bludgeon,
pascifist,1,pacifist,,
effets,1,effects,effete,
chages,1,cages,chases,charges
cba,1,nba,cb,ca
storying,1,storing,storming,
subgenre,1,subgenres,,
understaken,1,undertaken,,
souper,1,souter,soper,soupe
jenius,1,junius,genius,
viartually,1,virtually,,
alllows,1,allows,,
pathing,1,patting,bathing,patching
pausable,1,passable,,
retreaded,1,retreated,,
toques,1,torques,,
crafters,1,crofters,rafters,craters
dwelvers,1,dwellers,,
dwarven,1,dwarves,,
organa,1,organs,morgana,organ
crisped,1,crimped,crisper,
selcect,1,select,,
peopel,1,people,propel,
symetrical,1,symmetrical,,
approrpiate,1,appropriate,,
zba,1,nba,xba,aba
succesfull,1,succesful,,
peolple,1,people,,
arived,1,arrived,,
thanx,1,than,thans,thank
exagerating,1,exaggerating,,
dazes,1,dayes,dames,dawes
yelded,1,yielded,yelped,melded
roslyn,1,roslin,rosslyn,rosalyn
masaru,1,maseru,,
surgen,1,jurgen,surgeon,surge
castastrophic,1,catastrophic,,
budhist,1,buddhist,,
whevever,1,wherever,whenever,
overun,1,overrun,,
tshirt,1,t-shirt,shirt,thirt
contruction,1,contraction,construction,
cbce,1,cace,bbce,csce
tyran,1,tyrant,tyrian,tynan
feasable,1,feasible,,
contibutors,1,contributors,,
isodora,1,isadora,,
implodes,1,implores,implode,
centenarian,1,centenarians,,
starks,1,stares,starts,sparks
cassandras,1,cassandra,,
bludgeons,1,bludgeon,,
eletric,1,electric,,
adictions,1,addictions,,
leizure,1,leisure,seizure,
coutless,1,countless,costless,
grindier,1,grinder,,
occurences,1,occurence,occurrences,
parcas,1,paras,parcs,parkas
settlments,1,settlements,,
infite,1,invite,incite,
negetive,1,negative,,
lookin,1,lookin',looking,look-in
flambe,1,flame,lambe,
pacafist,1,pacifist,,
hense,1,henze,henge,hesse
hopeing,1,hopping,hoping,hoeing
mearly,1,pearly,yearly,nearly
metas,1,metals,mets,meats
nerfing,1,nerving,,
scenariis,1,scenarios,,
arsh,1,ars,arch,alsh
yakets,1,yakuts,,
huouse,1,house,,
aggainst,1,against,,
assosiation,1,association,,
ocds,1,ochs,cds,ods
improvment,1,improvement,,
addion,1,addison,add-on,
programing,1,programming,,
minutia,1,minutiae,,
contoller,1,controller,,
worths,1,worth,worthy,
donno,1,donny,donna,donne
fanz,1,fanu,ganz,canz
friendlyness,1,friendliness,,
psycholigically,1,psychologically,,
probalby,1,probably,,
greers,1,greens,greets,greer
difficultys,1,difficulty,,
reveiwer,1,reviewer,,
privilige,1,privilege,,
tty,1,etty,ttx,tdy
roomate,1,roommate,,
esentially,1,essentially,,
betweeen,1,between,,
progressivly,1,progressively,,
buld,1,auld,ould,budd
telller,1,teller,,
freindships,1,friendships,,
realtime,1,mealtime,real-time,
ealry,1,dalry,early,
ruffus,1,rufus,duffus,ruffs
weedle,1,tweedle,needle,wheedle
goeboels,1,goebbels,,
abyssmal,1,abyssal,abysmal,
hoarde,1,horde,hoare,hoarded
recurr,1,recurs,recur,
thicking,1,ticking,thinking,tricking
boredum,1,boredom,,
recipies,1,recipes,,
lazers,1,lawers,layers,lasers
pucks,1,hucks,sucks,plucks
wip,1,ip,wipe,w/p
unroofed,1,unrooted,,
sandler,1,sander,sadler,mandler
griefstricken,1,grief-stricken,,
uncleaned,1,uncleared,,
particulr,1,particular,,
turrent,1,current,turret,torrent
peacefull,1,peaceful,peacefully,
anesthetics,1,aesthetics,anaesthetics,
veniam,1,venial,,
beling,1,belving,eling,belling
relase,1,release,relate,relapse
libary,1,library,,
rpice,1,rice,price,spice
minimaly,1,minimally,minimal,
wuss,1,puss,wass,fuss
unncessary,1,unnecessary,,
diffiiculty,1,difficulty,,
prisioner,1,prisoner,,
mvp,1,mcp,m.p,mnp
murderur,1,murderer,,
terrbile,1,terrible,,
precisly,1,precisely,,
succeded,1,succeeded,succeed,
scavange,1,scavenge,,
piceces,1,pieces,,
gentis,1,gents,gentil,
cloest,1,closest,closet,
rought,1,fought,rough,roughs
everyeone,1,everyone,,
stuggles,1,struggles,,
remidy,1,remedy,,
whoose,1,whose,hoose,choose
conv,1,cons,cone,conn
catathonic,1,catatonic,,
grandulated,1,granulated,,
steamlined,1,streamlined,,
priorites,1,priories,priorities,
severly,1,beverly,everly,severely
bandid,1,bandit,banded,candid
casulties,1,casualties,,
shepards,1,shepard,sheppards,
gamming,1,hamming,jamming,damming
wheight,1,weight,height,
firendships,1,friendships,,
realsies,1,realises,,
prety,1,pretty,piety,prey
leason,1,leeson,lesson,season
emprace,1,embrace,,
nastyness,1,nastiness,,
sucessfully,1,successfully,,
opress,1,press,oppress,xpress
canibals,1,cannibals,,
xoys,1,joys,boys,toys
ramyn,1,ramon,raman,
bucthered,1,butchered,,
equipable,1,equitable,,
blobbies,1,bobbies,lobbies,
ssy,1,ssh,ss2,say
sate,1,slate,skate,sated
alhpa,1,alpha,,
sacrafices,1,sacrifices,,
vicnity,1,vicinity,,
lifless,1,lipless,lifeless,lidless
homies,1,homines,holies,homes
afk,1,ask,afl,pfk
canceled,1,cancelled,,
wiht,1,wight,with,wisht
satification,1,ratification,,
delvelopers,1,developers,,
freindly,1,friendly,,
decemating,1,decimating,,
silar,1,sinar,silas,sklar
cna,1,lna,nca,ca
contunual,1,continual,,
wonderng,1,wondering,,
overwrote,1,overwrite,,
arround,1,around,aground,
nekos,1,nepos,nikos,
somebodys,1,somebody,,
defs,1,des,deft,dens
differant,1,different,,
bionik,1,bionic,,
questiong,1,questions,questing,question
simalar,1,similar,,
appologize,1,apologize,,
tortios,1,tortious,,
easly,1,measly,easy,easily
rasied,1,raised,rasped,
receving,1,receiving,receding,
dwart,1,dart,duart,d'art
differemtly,1,differently,,
exes,1,hexes,eyes,execs
unkown,1,unknown,,
mufalo,1,mufaro,,
aboslutely,1,absolutely,,
prgressively,1,progressively,,
acchievement,1,achievement,,
withdrawl,1,withdrawn,withdrawal,withdraw
tscn,1,scn,,
carfeul,1,careful,,
intergrated,1,integrated,,
playfield,1,layfield,,
ubo,1,bubo,ubs,udo
tweek,1,tween,tweet,tweed
scoped,1,sloped,coped,scope
forbiddances,1,forbiddance,,
plink,1,link,plin,plonk
griding,1,grinding,guiding,gliding
atempt,1,tempt,attempt,
zshc,1,shc,,
charactors,1,characters,,
anothers,1,another,anthers,
defencive,1,defensive,,
managemnet,1,management,,
falt,1,alt,felt,fact
overwelmed,1,overwhelmed,,
valina,1,alina,valine,vagina
squirel,1,squires,squire,squirrel
dramaticlly,1,dramatically,,
stomache,1,stomach,stomachs,
savoir,1,lavoir,savour,savoie
liabilites,1,liabilities,,
strangly,1,strangle,strangely,strongly
grok,1,groa,grot,grog
lulz,1,lul,lull,lutz
goddamnit,1,goddammit,,
blindsides,1,blindside,,
congratz,1,congrats,,
relasing,1,relaying,relapsing,releasing
devisive,1,divisive,derisive,decisive
shamful,1,shameful,,
behaivor,1,behavior,,
warmonger,1,warmongers,,
superseeds,1,supersedes,,
psychos,1,psycho,psyches,
succesfully,1,successfully,,
recommender,1,recommended,,
maxis,1,maxim,mais,mavis
frigde,1,fridge,,
fecal,1,faecal,focal,fetal
theyre,1,there,,
mishandle,1,mishandled,,
miscalculate,1,miscalculated,,
vison,1,evison,vision,vilson
vien,1,bien,vein,tien
formiddable,1,formidable,,
alcholic,1,alcoholic,,
behavoir,1,behavior,,
develope,1,develop,developed,developer
divourced,1,divorced,,
closests,1,closets,closest,
investiment,1,investment,,
swaths,1,swathes,swath,swathe
mier,1,miner,miser,miert
morrre,1,morrie,,
druggie,1,duggie,druggies,
shieriff,1,sheriff,,
coms,1,roms,cogs,cots
hadling,1,halling,hauling,hayling
supllies,1,supplies,,
dumbs,1,dumb,dumbo,gumbs
edfit,1,edit,,
appose,1,oppose,,
wreackage,1,wreckage,,
happinness,1,happiness,,
strenght,1,strength,,
readdy,1,ready,reddy,
caraven,1,caravan,craven,
listend,1,listened,listens,listen
visist,1,visit,visits,
concussions,1,concussion,concessions,
preperation,1,preparation,,
flamethrowers,1,flamethrower,,
barfed,1,barbed,bared,barged
definitelly,1,definitely,,
psyhic,1,psychic,,
tasking,1,tasting,basking,masking
invitably,1,inevitably,,
rediculous,1,ridiculous,,
maims,1,mais,maids,mails
choosen,1,chosen,chooses,choose
tinky,1,binky,tinny,tinkly
winky,1,binky,winsy,inky
coked,1,yoked,choked,coxed
enjoyement,1,enjoyment,,
acomplishment,1,accomplishment,,
angish,1,anish,anguish,
extreemly,1,extremely,,
prision,1,prison,,
uploaded,1,unloaded,,
ferian,1,fenian,ferman,
remodeled,1,remodelled,,
hils,1,shils,hits,mils
rumored,1,rumoured,,
bleedings,1,bleeding,,
depite,1,despite,depute,
amputates,1,amputate,amputated,
dilligence,1,diligence,,
denture,1,dentures,venture,
binging,1,pinging,banging,binding
lockup,1,lock-up,lookup,
robo,1,robot,robs,rodo
uld,1,pld,ud,rld
rememebr,1,remember,,
risa,1,ripa,rosa,ris
khours,1,hours,,
shooted,1,hooted,shouted,shooter
insteat,1,instead,,
inpenetrable,1,impenetrable,,
desparado,1,desperado,,
laber,1,baber,laser,laker
agan,1,agai,egan,agen
rappidly,1,rapidly,,
plops,1,props,plop,pelops
vyn,1,van,vin,lyn
bachlan,1,bachman,lachlan,
exhilerating,1,exhilarating,,
satans,1,satan,natans,satins
safed,1,sated,safe,saved
imprisioned,1,imprisoned,,
beeing,1,bering,bening,seeing
coloniest,1,colonist,colonies,
alittle,1,little,a little,
torreted,1,turreted,,
featurers,1,features,,
disapearing,1,disappearing,,
dective,1,deceive,,
stratergy,1,strategy,,
curently,1,currently,,
jinkies,1,junkies,,
miku,1,miki,kiku,minu
stormtrooper,1,stormtroopers,,
epik,1,erik,epic,pik
friendlly,1,friendly,,
haz,1,hz,gaz,jaz
dunkies,1,junkies,,
lave,1,lace,slave,lav
pleez,1,preez,,
harika,1,marika,,
siz,1,s/z,size,sie
sandvich,1,sandwich,,
possibilitys,1,possibility,,
sanic,1,sonic,sani,manic
ridiculus,1,ridiculous,,
lesh,1,legh,kesh,leash
ush,1,usl,us.,uh
modsh,1,mods,modish,
squeaker,1,squeaked,,
opitional,1,optional,,
persistance,1,persistence,,
derpy,1,derby,derry,
tghe,1,the,tighe,
tazing,1,taming,lazing,taxing
playy,1,play,playa,plays
apocolypse,1,apocalypse,,
wrok,1,wok,wroe,work
amazning,1,amazing,,
zaps,1,oaps,zapu,uaps
mainy,1,many,main,mainz
dogg,1,dogs,mogg,doig
wever,1,never,ever,waver
existanse,1,existance,,
perticular,1,particular,,
vandalizing,1,vandalising,,
wiat,1,what,fiat,wait
lod,1,load,lo,plod
buidld,1,build,,
rda,1,rd,oda,rdi
arested,1,arrested,crested,rested
ight,1,wight,eight,might
terroist,1,terrorist,,
posable,1,potable,,
formated,1,formatted,,
performace,1,performance,,
graffics,1,traffics,,
comboed,1,combed,,
modefy,1,modify,,
uper,1,upper,user,per
resorces,1,resources,,
wasent,1,wasnt,,
anwesome,1,awesome,,
andd,1,andi,andf,and
fedt,1,fed,fedv,edt
spil,1,spile,spoil,spit
inovative,1,innovative,,
expieriences,1,experiences,,
thees,1,these,theres,theos
goot,1,goof,got,toot
opet,1,open,poet,opt
mairo,1,mario,macro,maior
saddness,1,sadness,,
unlimeted,1,unlimited,,
awesomee,1,awesome,,
nukes,1,lukes,nunes,nuke
unlimated,1,unlimited,,
consits,1,consists,consist,
boundries,1,foundries,boundaries,
prophunting,1,pro-hunting,,
gabe,1,gaye,gate,gage
bhop,1,chop,bop,bhp
relise,1,relist,relive,relish
anyting,1,anything,,
onn,1,non,one,ony
approvel,1,approved,approval,approver
wooo,1,woof,whoo,wood
chosse,1,chose,choses,choose
weps,1,meps,wees,wept
yesyes,1,yeses,yesses,
evereything,1,everything,,
nace,1,lace,nate,name
squished,1,squashed,,
zoa,1,koa,zoo,zea
pqp,1,pmp,pop,pgp
krai,1,kras,kiai,khai
amazignly,1,amazingly,,
niggest,1,biggest,,
inglish,1,english,inglis,
diiferent,1,ditferent,different,
abunch,1,bunch,,
thts,1,tats,this,tots
totes,1,tokes,toes,motes
allias,1,alliss,alias,kallias
randomess,1,randomness,,
freedome,1,freedoms,freedom,
mettioned,1,mentioned,,
thig,1,thug,thigh,whig
acsess,1,access,assess,
gliched,1,cliched,,
halflife,1,half-life,,
lotsa,1,lotka,lotta,lots
blog,1,blo,bog,blot
wac,1,cac,wai,pac
enything,1,anything,,
bama,1,gama,rama,bamba
grat,1,grab,prat,rat
frends,1,trends,fends,friends
admins,1,admin.,adkins,admits
cxv,1,clv,cpv,cv
xcv,1,xlv,xc3,xc1
vbm,1,vm,vim,vb
ccxc,1,ccc,,
crysis,1,crisis,,
huhh,1,hunh,huh,hush
unoffical,1,unofficial,,
awasome,1,awesome,,
softwares,1,software,,
dowloading,1,downloading,,
nuking,1,puking,,
fapping,1,lapping,tapping,napping
compatability,1,compatibility,comparability,
morbus,1,forbus,morus,sorbus
swep,1,step,sweep,swop
cheeper,1,cheever,cheaper,creeper
sceaming,1,screaming,steaming,
faut,1,fast,taut,fault
yuzz,1,buzz,fuzz,
aroud,1,proud,aloud,around
eveywhere,1,everywhere,,
populates,1,populate,populated,
valuve,1,valuev,value,valve
brua,1,bra,brea,bruna
ammounts,1,amounts,,
crathed,1,crated,crashed,
faved,1,caved,fated,raved
wazoo,1,yazoo,,
dicking,1,ducking,licking,ticking
probly,1,prob'ly,proby,
howerer,1,however,,
hoverboard,1,overboard,,
pimped,1,piped,limped,pimpled
truelly,1,truely,cruelly,
recuring,1,recurring,securing,
chrash,1,thrash,crash,
broing,1,boing,froing,broking
camed,1,camel,came,calmed
garyy,1,gargy,garty,garry
literl,1,literal,,
cancur,1,concur,cancun,cancer
carple,1,carole,marple,carpe
tunnl,1,tunnel,tunny,
recommed,1,recommend,,
aroun,1,aron,around,arun
groccery,1,grocery,,
thrid,1,ohrid,third,
greeat,1,greet,great,
agter,1,agger,gater,apter
awdad,1,awlad,,
arifacts,1,artifacts,,
sidetrack,1,side-track,,
slighest,1,slightest,,
osts,1,oats,ots,posts
forgage,1,forage,forgave,
diversty,1,diversity,,
harvet,1,harvest,harvey,
espeicially,1,especially,,
appreiate,1,appreciate,,
althought,1,although,,
futre,1,foutre,autre,future
fgame,1,flame,frame,fame
linus,1,lincs,pinus,lines
stumbeled,1,stumbled,,
sudgest,1,suggest,,
possably,1,passably,possibly,
widdle,1,biddle,twiddle,diddle
massivley,1,massively,,
vibrent,1,vibrant,,
choise,1,chose,choice,choire
abosolutely,1,absolutely,,
guude,1,guide,,
adolecent,1,adolescent,,
remodeling,1,remodelling,,
litte,1,litter,witte,lithe
insteand,1,instead,,
myabe,1,maybe,,
kitschy,1,kitsch,,
excells,1,excels,,
intems,1,items,,
buldings,1,buildings,,
internets,1,internees,internet,
tooke,1,cooke,hooke,tooker
additctive,1,addictive,,
forsee,1,foresee,forsey,
ctr,1,cgr,cts,ctrl
regen,1,reger,regan,regent
scaredy,1,scared,,
hopefull,1,hopefuls,hopeful,hopefully
ksp,1,wsp,kwp,dsp
needa,1,needs,need,needy
yknow,1,y'know,know,
borning,1,corning,morning,dorning
platyed,1,played,plated,
bish,1,gish,ish,dish
fukc,1,fuka,fuck,
wacked,1,hacked,walked,packed
unsuccesful,1,unsuccessful,,
sugsestions,1,suggestions,,
mailman,1,mainman,,
hallowen,1,hallowed,halloween,
primative,1,primitive,privative,
jittering,1,tittering,wittering,littering
sbp,1,sup,sop,sb
controllings,1,controlling,,
downfalls,1,downfall,,
bobber,1,robber,jobber,lobber
quited,1,quitted,suited,quoted
gonan,1,golan,goran,conan
beytch,1,beetch,,
overally,1,overalls,overall,
confermed,1,confirmed,conformed,conferred
rmb,1,jmb,mb,rib
slayable,1,playable,,
enegry,1,energy,,
eventualy,1,eventual,eventually,
matterials,1,materials,,
foragging,1,foraging,,
alligned,1,aligned,,
devoloper,1,developer,,
envolvement,1,evolvement,involvement,
comeplling,1,compelling,,
probablity,1,probability,,
masterbating,1,masturbating,,
spoliers,1,spoilers,,
plently,1,plenty,,
lieing,1,lining,liming,living
booger,1,boomer,booker,bolger
likble,1,liable,,
untilt,1,until,,
dooo,1,doon,dodo,doom
arma,1,rama,area,aram
wifes,1,wides,wipes,wines
chruning,1,churning,,
trolled,1,tolled,strolled,trilled
vamped,1,ramped,camped,damped
myslef,1,myself,,
alos,1,alois,alas,aloes
stresssing,1,stressing,,
youl,1,soul,yous,poul
oveer,1,veer,ovver,over
beatifully,1,beautifully,,
profecient,1,proficient,,
delievered,1,delivered,,
enhoyable,1,enjoyable,,
problamatic,1,problematic,,
nighters,1,lighters,fighters,
woudl,1,woul,would,
somethign,1,something,,
tiedious,1,tedious,,
seads,1,beads,seams,seeds
stelar,1,stelai,stellar,
compleating,1,completing,,
farmtown,1,fartown,,
interresting,1,interesting,,
interessting,1,interesting,,
awkard,1,award,awkward,
postition,1,position,,
dissoriented,1,disoriented,,
combiens,1,combines,,
duckles,1,buckles,,
oppurtunities,1,opportunities,,
eww,1,tww,ewe,nww
stashes,1,sashes,smashes,slashes
habbit,1,habit,rabbit,hobbit
absoluetly,1,absolutely,,
governer,1,governor,governed,
simular,1,similar,,
lwa,1,nwa,lna,hwa
orignal,1,original,orginal,
convluted,1,convoluted,,
handycaps,1,handicaps,,
becacuse,1,because,,
graduatly,1,gradually,,
amound,1,abound,around,amount
publising,1,publishing,,
guttah,1,gutta,,
stimina,1,stamina,,
machanic,1,mechanic,,
constaint,1,constant,constraint,
fimiliar,1,familiar,,
geode,1,goode,,
cheeze,1,wheeze,cheese,cheele
lifed,1,lifer,lifted,lived
diggin,1,biggin,diggin',digging
spoopy,1,spooky,snoopy,
checkin,1,check-in,checking,
rythm,1,rhythm,,
relateable,1,relatable,,
hima,1,hila,lima,hiya
dethrones,1,dethrone,dethroned,
slimed,1,slimmed,limed,slime
duper,1,dumper,super,dupe
laboring,1,labouring,,
knowledgable,1,knowledgeable,,
meny,1,men,many,meng
unbelieveable,1,unbelievable,,
annnnd,1,annand,,
fomt,1,font,foot,fomm
meltad,1,melted,,
teir,1,meir,thir,deir
varing,1,varying,waring,haring
detenion,1,detention,,
moring,1,moping,mowing,goring
suposed,1,supposed,,
contstantly,1,constantly,,
outway,1,otway,outlay,
thouroughly,1,thoroughly,,
genunine,1,genuine,,
nack,1,mack,back,nark
perservative,1,preservative,,
mayonaise,1,mayonnaise,,
frienship,1,friendship,,
degredation,1,degradation,depredation,
mariginally,1,marginally,,
romanced,1,romance,romances,romancer
sogood,1,osgood,,
kewl,1,kell,kel,keil
hangout,1,hang-out,handout,
adays,1,adams,aways,days
fff,1,pff,iff,gff
missmash,1,mishmash,,
coines,1,coined,caines,cones
raaa,1,raga,raad,rama
cizizen,1,citizen,,
grievence,1,grievance,,
inb,1,tnb,ini,dnb
iam,1,tam,ism,igm
efford,1,ufford,jefford,effort
aswhell,1,ashwell,aswell,
promice,1,promise,,
constrution,1,construction,,
competitve,1,competitive,,
faimly,1,fairly,family,
eartquakes,1,earthquakes,,
campy,1,camp,camps,campo
pixely,1,pixel,pixels,
giv,1,gav,div,gie
disclamer,1,disclaimer,,
beleif,1,belief,,
entirly,1,entirely,,
forgeting,1,forgetting,,
deservers,1,deserters,deserves,
mle,1,ple,mlr,mae
carsh,1,cars,cash,crash
concered,1,concerned,conceded,concerted
slingshots,1,slingshot,,
borring,1,barring,boring,bowring
yupp,1,upp,vupp,yuppy
moony,1,mooty,moody,morny
chock,1,choc,cock,choak
modeled,1,modelled,,
rarly,1,carly,rarely,rawly
plunty,1,plenty,,
recoop,1,recoup,,
obsticles,1,obstacles,,
goddamm,1,goddamn,goddam,
forkfull,1,forkfuls,forkful,
drenches,1,trenches,wrenches,drenched
tropey,1,torpey,tropes,trophy
promissing,1,promising,,
attittude,1,attitude,,
clubmates,1,clubmate,,
eerier,1,eerie,,
heartbreaker,1,heartbreakers,,
pite,1,tite,cite,pie
kotaku,1,otaku,,
redfined,1,refined,redefined,
mofo,1,moo,mojo,mono
gorgeus,1,gorges,gorgeous,
wriring,1,wiring,writing,
moodier,1,moodie,goodier,
unzips,1,unzip,,
psyc,1,psych,psc,
dle,1,ple,dlp,doe
surpr,1,surer,,
ovel,1,oval,over,novel
orgeous,1,gorgeous,,
poil,1,poul,spoil,woil
omance,1,romance,,
cial,1,cal,rial,vial
qwirks,1,quirks,,
usly,1,ugly,usl,sly
fiinishing,1,finishing,,
concidered,1,considered,,
lurker,1,lucker,lurked,luker
hing,1,heng,hong,fing
onic,1,tonic,onc,sonic
onica,1,konica,onuca,monica
nal,1,nar,anal,val
socalized,1,localized,socialized,
darko,1,daro,dark,dako
unoffensive,1,inoffensive,,
intested,1,ingested,untested,infested
misterious,1,mysterious,,
inget,1,ingot,inlet,ingest
thots,1,thoms,tots,thats
galge,1,gale,gauge,galle
autists,1,artists,,
awp,1,awl,awa,kwp
plebians,1,plebeians,,
pervy,1,perry,perky,nervy
completey,1,complete,completely,completes
happned,1,happened,,
rainclouds,1,rain-clouds,,
evh,1,eeh,rvh,esh
vallhalla,1,valhalla,,
spoops,1,scoops,spoons,stoops
mindest,1,mindset,kindest,mildest
begininng,1,beginning,,
fictionalized,1,fictionalised,,
thicc,1,thick,,
yur,1,yar,jur,yu
warmhearted,1,warm-hearted,,
tendancy,1,tendency,tenancy,
emh,1,emi,eeh,eph
finaly,1,final,finally,finlay
carefuly,1,careful,carefully,
expresso,1,espresso,express,
depresso,1,depressor,depress,
bff,1,baf,bef,pff
themeselves,1,themselves,,
fantasically,1,fantastically,,
deliberatley,1,deliberately,,
ucu,1,ucp,ucn,usu
pjg,1,pj,ppg,pug
toki,1,topi,tokai,toks
antidepresants,1,antidepressants,,
reciped,1,recipe,recited,recipes
reskin,1,ruskin,resin,redskin
mangas,1,manga,mangan,
reevaluating,1,re-evaluating,,
relexing,1,relaxing,,
animee,1,aimee,,
yor,1,yar,yore,por
irisu,1,irish,iris,
otome,1,tome,,
disturbe,1,disturbed,disturb,disturbs
metion,1,motion,merion,petion
choises,1,choses,chooses,choices
scriped,1,scraped,striped,scripted
shoud,1,shroud,should,shou
fekker,1,fokker,dekker,
drepression,1,depression,repression,
intersted,1,interested,,
appeard,1,appears,appear,appeared
yume,1,yule,yum,hume
yaaa,1,yaya,yaga,yasa
tada,1,tad,ada,nada
zeth,1,zeta,seth,beth
urself,1,ourself,ursell,
pleasently,1,pleasantly,,
hereon,1,herron,heron,thereon
ogg,1,igg,oggy,egg
minika,1,monika,minima,
eversion,1,everson,reversion,emersion
saya,1,satya,saa,says
giffany,1,tiffany,,
grego,1,rego,grebo,gregg
exceilent,1,excellent,,
pround,1,around,proud,ground
jvn,1,jn,jin,jan
jvns,1,jons,jens,
coom,1,room,coo,boom
pastebin,1,wastebin,,
hxyz,1,xyz,,
dicc,1,dcc,dic,dick
gorl,1,gory,goal,gorm
thxughts,1,thoughts,,
grl,1,gul,gil,gr
bacomes,1,becomes,,
imteresting,1,interesting,,
totle,1,title,tote,towle
farly,1,carly,fairly,farley
terryfying,1,terrifying,,
phych,1,psych,,
cerate,1,curate,crate,berate
clensing,1,cleansing,,
ydration,1,hydration,,
ading,1,fading,wading,adding
avocations,1,vocations,evocations,
innovates,1,innovate,innovated,
psyhical,1,psychical,,
salvado,1,salgado,salvador,
deja,1,dea,dej,deta
swifting,1,shifting,sifting,
cardio,1,carpio,cardin,cardia
otakus,1,otaku,,
reminscent,1,reminiscent,,
tities,1,titius,titles,cities
arn,1,ran,carn,arne
ditzy,1,ditty,ritzy,dizzy
monikat,1,monika,,
liturature,1,literature,,
girlj,1,girly,girls,girl
redacted,1,reacted,,
horro,1,horror,zorro,
accostomed,1,accustomed,,
mindf,1,minds,mind,
wounderful,1,wonderful,,
outof,1,out of,,
altely,1,lately,,
otally,1,totally,omally,tally
albe,1,alle,albi,ale
deee,1,ieee,deae,dere
decieved,1,deceived,,
achive,1,chive,archive,active
tlou,1,thou,lou,
nani,1,unani,nadi,nandi
nushell,1,bushell,nutshell,
ashcraft,1,ashcroft,,
hime,1,chime,him,hie
narcissu,1,narcissi,narcissus,
wierdness,1,weirdness,,
iru,1,sru,pru,iro
iuh,1,ich,uh,ish
racter,1,raster,rater,racer
sutk,1,suck,sunk,sulk
adora,1,adore,dora,agora
monikan,1,monika,,
yuno,1,yuko,nuno,yugo
mirai,1,miri,mira,miras
eddas,1,eddis,edda,
apparant,1,apparent,,
geniunely,1,genuinely,,
spliting,1,splicing,splitting,
ambients,1,ambient,,
tks,1,tds,tps,tcs
jame,1,came,jamie,name
tevin,1,kevin,levin,eevin
walkin,1,wallin,walkin',walkie
counselors,1,counsellors,,
medusas,1,medusae,medusa,
monkia,1,monika,,
amane,1,amine,amaze,amand
fifgt,1,fift,,
lzc,1,lcc,loc,lgc
pessimestic,1,pessimistic,,
allbeit,1,albeit,,
unexperienced,1,inexperienced,,
quicks,1,quick,quacks,quirks
diguises,1,disguises,,
unfiting,1,unfitting,uniting,
distorded,1,distorted,,
repat,1,repeat,repast,repay
distrubing,1,disturbing,,
horor,1,horror,honor,
physological,1,physiological,,
desinger,1,designer,,
nover,1,hover,cover,rover
monaca,1,monaco,monica,
enamored,1,enamoured,,
shilled,1,stilled,shelled,skilled
aloung,1,amoung,along,
meantions,1,mentions,,
ususally,1,usually,,
isnn,1,isbn,inn,isdn
atu,1,ath,at1,ats
altic,1,baltic,attic,artic
unistall,1,unstall,,
nukem,1,nuke,,
weebs,1,wees,weeks,weeds
amaizing,1,amazing,,
distrubed,1,disturbed,,
terrifyng,1,terrifying,,
igot,1,gigot,igor,ingot
deppression,1,depression,,
rollercoster,1,rollercoaster,,
suspecious,1,suspicious,,
suspecion,1,suspicion,,
unico,1,nico,unaco,
cui,1,bui,cri,cum
abbia,1,abbie,abba,
tutta,1,dutta,tutte,gutta
grado,1,rado,gradi,grapo
mente,1,mentle,menter,mete
dopo,1,dodo,topo,depo
ogni,1,omni,ogi,
penso,1,pens,peso,
altro,1,alto,astro,
paio,1,pair,patio,pai1
giorni,1,giorno,,
sia,1,asia,siva,saa
gratuito,1,gratuity,,
possa,1,fossa,ponsa,ossa
avere,1,avers,vere,avery
impatto,1,impasto,,
clic,1,cic,clrc,chic
sotto,1,motto,otto,potto
trama,1,tramp,rama,trauma
detto,1,netto,dettol,ditto
umani,1,unani,cumani,omani
essere,1,essene,,
amico,1,amtico,amigo,amoco
tanti,1,tanto,anti,santi
incredibile,1,incredible,,
vedo,1,redo,nedo,vero
arrivi,1,arrive,,
revisione,1,revisions,revision,
completo,1,complete,,
ancora,1,ancona,angora,
resto,1,pesto,presto,rest
romanzi,1,romani,,
voto,1,toto,oto,soto
pictuer,1,picture,,
sqya,1,soya,,
kym,1,jym,kam,ky
suprising,1,surprising,uprising,
chara,1,cara,chakra,chiara
coudn,1,coun,,
stll,1,stoll,sell,soll
decieve,1,deceive,,
chush,1,shush,crush,chuse
kitab,1,kitaj,,
kapa,1,oapa,kappa,kana
yarg,1,yar,yang,marg
lamak,1,lama,lamas,lamar
olsa,1,ilsa,ols,ola
gerek,1,greek,gere,derek
amk,1,ask,ams,aml
bunu,1,bunk,bunn,bung
monikam,1,monika,,
vod,1,cod,mod,bod
tahle,1,tahoe,table,tale
kdo,1,udo,kda,kio
grils,1,grips,grits,grill
clubu,1,club,clubs,
byl,1,bbl,bnl,bil
pubg,1,pug,pub,pubs
resetted,1,rosetted,resected,resented
freighten,1,freighted,frighten,freighter
justs,1,dusts,jousts,gusts
pukes,1,lukes,puke,pikes
sucicide,1,suicide,,
gurl,1,gurle,gurr,guil
clusterf,1,cluster,clusters,
delicated,1,dedicated,delicate,
hideo,1,hides,hide,video
volya,1,volta,volga,
simpletons,1,simpleton,,
ucking,1,ducking,tucking,rucking
skool,1,stool,spool,skol
literatute,1,literature,,
eachothers,1,eachother,,
permamently,1,permanently,,
tht,1,the,cht,ht
highschool,1,high-school,,
gudd,1,hudd,mudd,ludd
tiddie,1,kiddie,liddie,
ated,1,fated,sated,aled
eywords,1,keywords,,
hadnt,1,hadst,haunt,
everyhing,1,everything,,
interperate,1,intemperate,interoperate,
ininity,1,inanity,,
treasue,1,treasure,,
downard,1,downward,donard,
magica,1,magics,magical,magic
remembe,1,remember,,
softspoken,1,soft-spoken,,
tope,1,tote,toke,type
attitute,1,attitude,,
conotations,1,connotations,,
enviornments,1,environments,,
intails,1,pintails,entails,
creepier,1,creeper,,
engs,1,ens,enge,egs
adressed,1,addressed,dressed,
lile,1,lili,nile,lila
jebe,1,jebel,sebe,jebb
dete,1,pete,deae,tete
pleasured,1,pleasure,pleasures,
kimi,1,kiai,kiki,jimi
thw,1,the,tw,thy
emmm,1,emmy,emma,emm
iove,1,cove,jove,tove
absoutely,1,absolutely,,
